Sample in Buffer,Sample in Window,TRIGGER,uav_sar_i/zynq_ultra_pl_clk_out1,uav_sar_i/zynq_ultra_pl_uart_rx_done,uav_sar_i/zynq_ultra_pl_utc_done,uav_sar_i/zynq_ultra_pl_uart_rx_data[7:0]
Radix - UNSIGNED,UNSIGNED,UNSIGNED,HEX,HEX,HEX,ASCII
0,0,0,1,0,0,"C"
1,1,0,0,0,0,"C"
2,2,0,1,0,0,"C"
3,3,0,0,0,0,"C"
4,4,0,1,0,0,"C"
5,5,0,0,0,0,"C"
6,6,0,1,0,0,"C"
7,7,0,0,0,0,"C"
8,8,0,1,0,0,"C"
9,9,0,0,0,0,"C"
10,10,0,1,0,0,"C"
11,11,0,0,0,0,"C"
12,12,0,1,0,0,"C"
13,13,0,0,0,0,"C"
14,14,0,1,0,0,"C"
15,15,0,0,0,0,"C"
16,16,0,1,0,0,"C"
17,17,0,0,0,0,"C"
18,18,0,1,0,0,"C"
19,19,0,0,0,0,"C"
20,20,0,1,0,0,"C"
21,21,0,0,0,0,"C"
22,22,0,1,0,0,"C"
23,23,0,0,0,0,"C"
24,24,0,1,0,0,"C"
25,25,0,0,0,0,"C"
26,26,0,1,0,0,"C"
27,27,0,0,0,0,"C"
28,28,0,1,0,0,"C"
29,29,0,0,0,0,"C"
30,30,0,1,0,0,"C"
31,31,0,0,0,0,"C"
32,32,0,1,0,0,"C"
33,33,0,0,0,0,"C"
34,34,0,1,0,0,"C"
35,35,0,0,0,0,"C"
36,36,0,1,0,0,"C"
37,37,0,0,0,0,"C"
38,38,0,1,0,0,"C"
39,39,0,0,0,0,"C"
40,40,0,1,0,0,"C"
41,41,0,0,0,0,"C"
42,42,0,1,0,0,"C"
43,43,0,0,0,0,"C"
44,44,0,1,0,0,"C"
45,45,0,0,0,0,"C"
46,46,0,1,0,0,"C"
47,47,0,0,0,0,"C"
48,48,0,1,0,0,"C"
49,49,0,0,0,0,"C"
50,50,0,1,0,0,"C"
51,51,0,0,0,0,"C"
52,52,0,1,0,0,"C"
53,53,0,0,0,0,"C"
54,54,0,1,0,0,"C"
55,55,0,0,0,0,"C"
56,56,0,1,0,0,"C"
57,57,0,0,0,0,"C"
58,58,0,1,0,0,"C"
59,59,0,0,0,0,"C"
60,60,0,1,0,0,"C"
61,61,0,0,0,0,"C"
62,62,0,1,0,0,"C"
63,63,0,0,0,0,"C"
64,64,0,1,0,0,"C"
65,65,0,0,0,0,"C"
66,66,0,1,0,0,"C"
67,67,0,0,0,0,"C"
68,68,0,1,0,0,"C"
69,69,0,0,0,0,"C"
70,70,0,1,0,0,"C"
71,71,0,0,0,0,"C"
72,72,0,1,0,0,"C"
73,73,0,0,0,0,"C"
74,74,0,1,0,0,"C"
75,75,0,0,0,0,"C"
76,76,0,1,0,0,"C"
77,77,0,0,0,0,"C"
78,78,0,1,0,0,"C"
79,79,0,0,0,0,"C"
80,80,0,1,0,0,"C"
81,81,0,0,0,0,"C"
82,82,0,1,0,0,"C"
83,83,0,0,0,0,"C"
84,84,0,1,0,0,"C"
85,85,0,0,0,0,"C"
86,86,0,1,0,0,"C"
87,87,0,0,0,0,"C"
88,88,0,1,0,0,"C"
89,89,0,0,0,0,"C"
90,90,0,1,0,0,"C"
91,91,0,0,0,0,"C"
92,92,0,1,0,0,"C"
93,93,0,0,0,0,"C"
94,94,0,1,0,0,"C"
95,95,0,0,0,0,"C"
96,96,0,1,0,0,"C"
97,97,0,0,0,0,"C"
98,98,0,1,0,0,"C"
99,99,0,0,0,0,"C"
100,100,0,1,0,0,"C"
101,101,0,0,0,0,"C"
102,102,0,1,0,0,"C"
103,103,0,0,0,0,"C"
104,104,0,1,0,0,"C"
105,105,0,0,0,0,"C"
106,106,0,1,0,0,"C"
107,107,0,0,0,0,"C"
108,108,0,1,0,0,"C"
109,109,0,0,0,0,"C"
110,110,0,1,0,0,"C"
111,111,0,0,0,0,"C"
112,112,0,1,0,0,"C"
113,113,0,0,0,0,"C"
114,114,0,1,0,0,"C"
115,115,0,0,0,0,"C"
116,116,0,1,0,0,"C"
117,117,0,0,0,0,"C"
118,118,0,1,0,0,"C"
119,119,0,0,0,0,"C"
120,120,0,1,0,0,"C"
121,121,0,0,0,0,"C"
122,122,0,1,0,0,"C"
123,123,0,0,0,0,"C"
124,124,0,1,0,0,"C"
125,125,0,0,0,0,"C"
126,126,0,1,0,0,"C"
127,127,0,0,0,0,"C"
128,128,0,1,0,0,"C"
129,129,0,0,0,0,"C"
130,130,0,1,0,0,"C"
131,131,0,0,0,0,"C"
132,132,0,1,0,0,"C"
133,133,0,0,0,0,"C"
134,134,0,1,0,0,"C"
135,135,0,0,0,0,"C"
136,136,0,1,0,0,"C"
137,137,0,0,0,0,"C"
138,138,0,1,0,0,"C"
139,139,0,0,0,0,"C"
140,140,0,1,0,0,"C"
141,141,0,0,0,0,"C"
142,142,0,1,0,0,"C"
143,143,0,0,0,0,"C"
144,144,0,1,0,0,"C"
145,145,0,0,0,0,"C"
146,146,0,1,0,0,"C"
147,147,0,0,0,0,"C"
148,148,0,1,0,0,"C"
149,149,0,0,0,0,"C"
150,150,0,1,0,0,"C"
151,151,0,0,0,0,"C"
152,152,0,1,0,0,"C"
153,153,0,0,0,0,"C"
154,154,0,1,0,0,"C"
155,155,0,0,0,0,"C"
156,156,0,1,0,0,"C"
157,157,0,0,0,0,"C"
158,158,0,1,0,0,"C"
159,159,0,0,0,0,"C"
160,160,0,1,0,0,"C"
161,161,0,0,0,0,"C"
162,162,0,1,0,0,"C"
163,163,0,0,0,0,"C"
164,164,0,1,0,0,"C"
165,165,0,0,0,0,"C"
166,166,0,1,0,0,"C"
167,167,0,0,0,0,"C"
168,168,0,1,0,0,"C"
169,169,0,0,0,0,"C"
170,170,0,1,0,0,"C"
171,171,0,0,0,0,"C"
172,172,0,1,0,0,"C"
173,173,0,0,0,0,"C"
174,174,0,1,0,0,"C"
175,175,0,0,0,0,"C"
176,176,0,1,0,0,"C"
177,177,0,0,0,0,"C"
178,178,0,1,0,0,"C"
179,179,0,0,0,0,"C"
180,180,0,1,0,0,"C"
181,181,0,0,0,0,"C"
182,182,0,1,0,0,"C"
183,183,0,0,0,0,"C"
184,184,0,1,0,0,"C"
185,185,0,0,0,0,"C"
186,186,0,1,0,0,"C"
187,187,0,0,0,0,"C"
188,188,0,1,0,0,"C"
189,189,0,0,0,0,"C"
190,190,0,1,0,0,"C"
191,191,0,0,0,0,"C"
192,192,0,1,0,0,"C"
193,193,0,0,0,0,"C"
194,194,0,1,0,0,"C"
195,195,0,0,0,0,"C"
196,196,0,1,0,0,"C"
197,197,0,0,0,0,"C"
198,198,0,1,0,0,"C"
199,199,0,0,0,0,"C"
200,200,0,1,0,0,"C"
201,201,0,0,0,0,"C"
202,202,0,1,0,0,"C"
203,203,0,0,0,0,"C"
204,204,0,1,0,0,"C"
205,205,0,0,0,0,"C"
206,206,0,1,0,0,"C"
207,207,0,0,0,0,"C"
208,208,0,1,0,0,"C"
209,209,0,0,0,0,"C"
210,210,0,1,0,0,"C"
211,211,0,0,0,0,"C"
212,212,0,1,0,0,"C"
213,213,0,0,0,0,"C"
214,214,0,1,0,0,"C"
215,215,0,0,0,0,"C"
216,216,0,1,0,0,"C"
217,217,0,0,0,0,"C"
218,218,0,1,0,0,"C"
219,219,0,0,0,0,"C"
220,220,0,1,0,0,"C"
221,221,0,0,0,0,"C"
222,222,0,1,0,0,"C"
223,223,0,0,0,0,"C"
224,224,0,1,0,0,"C"
225,225,0,0,0,0,"C"
226,226,0,1,0,0,"C"
227,227,0,0,0,0,"C"
228,228,0,1,0,0,"C"
229,229,0,0,0,0,"C"
230,230,0,1,0,0,"C"
231,231,0,0,0,0,"C"
232,232,0,1,0,0,"C"
233,233,0,0,0,0,"C"
234,234,0,1,0,0,"C"
235,235,0,0,0,0,"C"
236,236,0,1,0,0,"C"
237,237,0,0,0,0,"C"
238,238,0,1,0,0,"C"
239,239,0,0,0,0,"C"
240,240,0,1,0,0,"C"
241,241,0,0,0,0,"C"
242,242,0,1,0,0,"C"
243,243,0,0,0,0,"C"
244,244,0,1,0,0,"C"
245,245,0,0,0,0,"C"
246,246,0,1,0,0,"C"
247,247,0,0,0,0,"C"
248,248,0,1,0,0,"C"
249,249,0,0,0,0,"C"
250,250,0,1,0,0,"C"
251,251,0,0,0,0,"C"
252,252,0,1,0,0,"C"
253,253,0,0,0,0,"C"
254,254,0,1,0,0,"C"
255,255,0,0,0,0,"C"
256,256,0,1,0,0,"C"
257,257,0,0,0,0,"C"
258,258,0,1,0,0,"C"
259,259,0,0,0,0,"C"
260,260,0,1,0,0,"C"
261,261,0,0,0,0,"C"
262,262,0,1,0,0,"C"
263,263,0,0,0,0,"C"
264,264,0,1,0,0,"C"
265,265,0,0,0,0,"C"
266,266,0,1,0,0,"C"
267,267,0,0,0,0,"C"
268,268,0,1,0,0,"C"
269,269,0,0,0,0,"C"
270,270,0,1,0,0,"C"
271,271,0,0,0,0,"C"
272,272,0,1,0,0,"C"
273,273,0,0,0,0,"C"
274,274,0,1,0,0,"C"
275,275,0,0,0,0,"C"
276,276,0,1,0,0,"C"
277,277,0,0,0,0,"C"
278,278,0,1,0,0,"C"
279,279,0,0,0,0,"C"
280,280,0,1,0,0,"C"
281,281,0,0,0,0,"C"
282,282,0,1,0,0,"C"
283,283,0,0,0,0,"C"
284,284,0,1,0,0,"C"
285,285,0,0,0,0,"C"
286,286,0,1,0,0,"C"
287,287,0,0,0,0,"C"
288,288,0,1,0,0,"C"
289,289,0,0,0,0,"C"
290,290,0,1,0,0,"C"
291,291,0,0,0,0,"C"
292,292,0,1,0,0,"C"
293,293,0,0,0,0,"C"
294,294,0,1,0,0,"C"
295,295,0,0,0,0,"C"
296,296,0,1,0,0,"C"
297,297,0,0,0,0,"C"
298,298,0,1,0,0,"C"
299,299,0,0,0,0,"C"
300,300,0,1,0,0,"C"
301,301,0,0,0,0,"C"
302,302,0,1,0,0,"C"
303,303,0,0,0,0,"C"
304,304,0,1,0,0,"C"
305,305,0,0,0,0,"C"
306,306,0,1,0,0,"C"
307,307,0,0,0,0,"C"
308,308,0,1,0,0,"C"
309,309,0,0,0,0,"C"
310,310,0,1,0,0,"C"
311,311,0,0,0,0,"C"
312,312,0,1,0,0,"C"
313,313,0,0,0,0,"C"
314,314,0,1,0,0,"C"
315,315,0,0,0,0,"C"
316,316,0,1,0,0,"C"
317,317,0,0,0,0,"C"
318,318,0,1,0,0,"C"
319,319,0,0,0,0,"C"
320,320,0,1,0,0,"C"
321,321,0,0,0,0,"C"
322,322,0,1,0,0,"C"
323,323,0,0,0,0,"C"
324,324,0,1,0,0,"C"
325,325,0,0,0,0,"C"
326,326,0,1,0,0,"C"
327,327,0,0,0,0,"C"
328,328,0,1,0,0,"C"
329,329,0,0,0,0,"C"
330,330,0,1,0,0,"C"
331,331,0,0,0,0,"C"
332,332,0,1,0,0,"C"
333,333,0,0,0,0,"C"
334,334,0,1,0,0,"C"
335,335,0,0,0,0,"C"
336,336,0,1,0,0,"C"
337,337,0,0,0,0,"C"
338,338,0,1,0,0,"C"
339,339,0,0,0,0,"C"
340,340,0,1,0,0,"C"
341,341,0,0,0,0,"C"
342,342,0,1,0,0,"C"
343,343,0,0,0,0,"C"
344,344,0,1,0,0,"C"
345,345,0,0,0,0,"C"
346,346,0,1,0,0,"C"
347,347,0,0,0,0,"C"
348,348,0,1,0,0,"C"
349,349,0,0,0,0,"C"
350,350,0,1,0,0,"C"
351,351,0,0,0,0,"C"
352,352,0,1,0,0,"C"
353,353,0,0,0,0,"C"
354,354,0,1,0,0,"C"
355,355,0,0,0,0,"C"
356,356,0,1,0,0,"C"
357,357,0,0,0,0,"C"
358,358,0,1,0,0,"C"
359,359,0,0,0,0,"C"
360,360,0,1,0,0,"C"
361,361,0,0,0,0,"C"
362,362,0,1,0,0,"C"
363,363,0,0,0,0,"C"
364,364,0,1,0,0,"C"
365,365,0,0,0,0,"C"
366,366,0,1,0,0,"C"
367,367,0,0,0,0,"C"
368,368,0,1,0,0,"C"
369,369,0,0,0,0,"C"
370,370,0,1,0,0,"C"
371,371,0,0,0,0,"C"
372,372,0,1,0,0,"C"
373,373,0,0,0,0,"C"
374,374,0,1,0,0,"C"
375,375,0,0,0,0,"C"
376,376,0,1,0,0,"C"
377,377,0,0,0,0,"C"
378,378,0,1,0,0,"C"
379,379,0,0,0,0,"C"
380,380,0,1,0,0,"C"
381,381,0,0,0,0,"C"
382,382,0,1,0,0,"C"
383,383,0,0,0,0,"C"
384,384,0,1,0,0,"C"
385,385,0,0,0,0,"C"
386,386,0,1,0,0,"C"
387,387,0,0,0,0,"C"
388,388,0,1,0,0,"C"
389,389,0,0,0,0,"C"
390,390,0,1,0,0,"C"
391,391,0,0,0,0,"C"
392,392,0,1,0,0,"C"
393,393,0,0,0,0,"C"
394,394,0,1,0,0,"C"
395,395,0,0,0,0,"C"
396,396,0,1,0,0,"C"
397,397,0,0,0,0,"C"
398,398,0,1,0,0,"C"
399,399,0,0,0,0,"C"
400,400,0,1,0,0,"C"
401,401,0,0,0,0,"C"
402,402,0,1,0,0,"C"
403,403,0,0,0,0,"C"
404,404,0,1,0,0,"C"
405,405,0,0,0,0,"C"
406,406,0,1,0,0,"C"
407,407,0,0,0,0,"C"
408,408,0,1,0,0,"C"
409,409,0,0,0,0,"C"
410,410,0,1,0,0,"C"
411,411,0,0,0,0,"C"
412,412,0,1,0,0,"C"
413,413,0,0,0,0,"C"
414,414,0,1,0,0,"C"
415,415,0,0,0,0,"C"
416,416,0,1,0,0,"C"
417,417,0,0,0,0,"C"
418,418,0,1,0,0,"C"
419,419,0,0,0,0,"C"
420,420,0,1,0,0,"C"
421,421,0,0,0,0,"C"
422,422,0,1,0,0,"C"
423,423,0,0,0,0,"C"
424,424,0,1,0,0,"C"
425,425,0,0,0,0,"C"
426,426,0,1,0,0,"C"
427,427,0,0,0,0,"C"
428,428,0,1,0,0,"C"
429,429,0,0,0,0,"C"
430,430,0,1,0,0,"C"
431,431,0,0,0,0,"C"
432,432,0,1,0,0,"C"
433,433,0,0,0,0,"C"
434,434,0,1,0,0,"C"
435,435,0,0,0,0,"C"
436,436,0,1,0,0,"C"
437,437,0,0,0,0,"C"
438,438,0,1,0,0,"C"
439,439,0,0,0,0,"C"
440,440,0,1,0,0,"C"
441,441,0,0,0,0,"C"
442,442,0,1,0,0,"C"
443,443,0,0,0,0,"C"
444,444,0,1,0,0,"C"
445,445,0,0,0,0,"C"
446,446,0,1,0,0,"C"
447,447,0,0,0,0,"C"
448,448,0,1,0,0,"C"
449,449,0,0,0,0,"C"
450,450,0,1,0,0,"C"
451,451,0,0,0,0,"C"
452,452,0,1,0,0,"C"
453,453,0,0,0,0,"C"
454,454,0,1,0,0,"C"
455,455,0,0,0,0,"C"
456,456,0,1,0,0,"C"
457,457,0,0,0,0,"C"
458,458,0,1,0,0,"C"
459,459,0,0,0,0,"C"
460,460,0,1,0,0,"C"
461,461,0,0,0,0,"C"
462,462,0,1,0,0,"C"
463,463,0,0,0,0,"C"
464,464,0,1,0,0,"C"
465,465,0,0,0,0,"C"
466,466,0,1,0,0,"C"
467,467,0,0,0,0,"C"
468,468,0,1,0,0,"C"
469,469,0,0,0,0,"C"
470,470,0,1,0,0,"C"
471,471,0,0,0,0,"C"
472,472,0,1,0,0,"C"
473,473,0,0,0,0,"C"
474,474,0,1,0,0,"C"
475,475,0,0,0,0,"C"
476,476,0,1,0,0,"C"
477,477,0,0,0,0,"C"
478,478,0,1,0,0,"C"
479,479,0,0,0,0,"C"
480,480,0,1,0,0,"C"
481,481,0,0,0,0,"C"
482,482,0,1,0,0,"C"
483,483,0,0,0,0,"C"
484,484,0,1,0,0,"C"
485,485,0,0,0,0,"C"
486,486,0,1,0,0,"C"
487,487,0,0,0,0,"C"
488,488,0,1,0,0,"C"
489,489,0,0,0,0,"C"
490,490,0,1,0,0,"C"
491,491,0,0,0,0,"C"
492,492,0,1,0,0,"C"
493,493,0,0,0,0,"C"
494,494,0,1,0,0,"C"
495,495,0,0,0,0,"C"
496,496,0,1,0,0,"C"
497,497,0,0,0,0,"C"
498,498,0,1,0,0,"C"
499,499,0,0,0,0,"C"
500,500,0,1,0,0,"C"
501,501,0,0,0,0,"C"
502,502,0,1,0,0,"C"
503,503,0,0,0,0,"C"
504,504,0,1,0,0,"C"
505,505,0,0,0,0,"C"
506,506,0,1,0,0,"C"
507,507,0,0,0,0,"C"
508,508,0,1,0,0,"C"
509,509,0,0,0,0,"C"
510,510,0,1,0,0,"C"
511,511,0,0,0,0,"C"
512,512,0,1,0,0,"C"
513,513,0,0,0,0,"C"
514,514,0,1,0,0,"C"
515,515,0,0,0,0,"C"
516,516,0,1,0,0,"C"
517,517,0,0,0,0,"C"
518,518,0,1,0,0,"C"
519,519,0,0,0,0,"C"
520,520,0,1,0,0,"C"
521,521,0,0,0,0,"C"
522,522,0,1,0,0,"C"
523,523,0,0,0,0,"C"
524,524,0,1,0,0,"C"
525,525,0,0,0,0,"C"
526,526,0,1,0,0,"C"
527,527,0,0,0,0,"C"
528,528,0,1,0,0,"C"
529,529,0,0,0,0,"C"
530,530,0,1,0,0,"C"
531,531,0,0,0,0,"C"
532,532,0,1,0,0,"C"
533,533,0,0,0,0,"C"
534,534,0,1,0,0,"C"
535,535,0,0,0,0,"C"
536,536,0,1,0,0,"C"
537,537,0,0,0,0,"C"
538,538,0,1,0,0,"C"
539,539,0,0,0,0,"C"
540,540,0,1,0,0,"C"
541,541,0,0,0,0,"C"
542,542,0,1,0,0,"C"
543,543,0,0,0,0,"C"
544,544,0,1,0,0,"C"
545,545,0,0,0,0,"C"
546,546,0,1,0,0,"C"
547,547,0,0,0,0,"C"
548,548,0,1,0,0,"C"
549,549,0,0,0,0,"C"
550,550,0,1,0,0,"C"
551,551,0,0,0,0,"C"
552,552,0,1,0,0,"C"
553,553,0,0,0,0,"C"
554,554,0,1,0,0,"C"
555,555,0,0,0,0,"C"
556,556,0,1,0,0,"C"
557,557,0,0,0,0,"C"
558,558,0,1,0,0,"C"
559,559,0,0,0,0,"C"
560,560,0,1,0,0,"C"
561,561,0,0,0,0,"C"
562,562,0,1,0,0,"C"
563,563,0,0,0,0,"C"
564,564,0,1,0,0,"C"
565,565,0,0,0,0,"C"
566,566,0,1,0,0,"C"
567,567,0,0,0,0,"C"
568,568,0,1,0,0,"C"
569,569,0,0,0,0,"C"
570,570,0,1,0,0,"C"
571,571,0,0,0,0,"C"
572,572,0,1,0,0,"C"
573,573,0,0,0,0,"C"
574,574,0,1,0,0,"C"
575,575,0,0,0,0,"C"
576,576,0,1,0,0,"C"
577,577,0,0,0,0,"C"
578,578,0,1,0,0,"C"
579,579,0,0,0,0,"C"
580,580,0,1,0,0,"C"
581,581,0,0,0,0,"C"
582,582,0,1,0,0,"C"
583,583,0,0,0,0,"C"
584,584,0,1,0,0,"C"
585,585,0,0,0,0,"C"
586,586,0,1,0,0,"C"
587,587,0,0,0,0,"C"
588,588,0,1,0,0,"C"
589,589,0,0,0,0,"C"
590,590,0,1,0,0,"C"
591,591,0,0,0,0,"C"
592,592,0,1,0,0,"C"
593,593,0,0,0,0,"C"
594,594,0,1,0,0,"C"
595,595,0,0,0,0,"C"
596,596,0,1,0,0,"C"
597,597,0,0,0,0,"C"
598,598,0,1,0,0,"C"
599,599,0,0,0,0,"C"
600,600,0,1,0,0,"C"
601,601,0,0,0,0,"C"
602,602,0,1,0,0,"C"
603,603,0,0,0,0,"C"
604,604,0,1,0,0,"C"
605,605,0,0,0,0,"C"
606,606,0,1,0,0,"C"
607,607,0,0,0,0,"C"
608,608,0,1,0,0,"C"
609,609,0,0,0,0,"C"
610,610,0,1,0,0,"C"
611,611,0,0,0,0,"C"
612,612,0,1,0,0,"C"
613,613,0,0,0,0,"C"
614,614,0,1,0,0,"C"
615,615,0,0,0,0,"C"
616,616,0,1,0,0,"C"
617,617,0,0,0,0,"C"
618,618,0,1,0,0,"C"
619,619,0,0,0,0,"C"
620,620,0,1,0,0,"C"
621,621,0,0,0,0,"C"
622,622,0,1,0,0,"C"
623,623,0,0,0,0,"C"
624,624,0,1,0,0,"C"
625,625,0,0,0,0,"C"
626,626,0,1,0,0,"C"
627,627,0,0,0,0,"C"
628,628,0,1,0,0,"C"
629,629,0,0,0,0,"C"
630,630,0,1,0,0,"C"
631,631,0,0,0,0,"C"
632,632,0,1,0,0,"C"
633,633,0,0,0,0,"C"
634,634,0,1,0,0,"C"
635,635,0,0,0,0,"C"
636,636,0,1,0,0,"C"
637,637,0,0,0,0,"C"
638,638,0,1,0,0,"C"
639,639,0,0,0,0,"C"
640,640,0,1,0,0,"C"
641,641,0,0,0,0,"C"
642,642,0,1,0,0,"C"
643,643,0,0,0,0,"C"
644,644,0,1,0,0,"C"
645,645,0,0,0,0,"C"
646,646,0,1,0,0,"C"
647,647,0,0,0,0,"C"
648,648,0,1,0,0,"C"
649,649,0,0,0,0,"C"
650,650,0,1,0,0,"C"
651,651,0,0,0,0,"C"
652,652,0,1,0,0,"C"
653,653,0,0,0,0,"C"
654,654,0,1,0,0,"C"
655,655,0,0,0,0,"C"
656,656,0,1,0,0,"C"
657,657,0,0,0,0,"C"
658,658,0,1,0,0,"C"
659,659,0,0,0,0,"C"
660,660,0,1,0,0,"C"
661,661,0,0,0,0,"C"
662,662,0,1,0,0,"C"
663,663,0,0,0,0,"C"
664,664,0,1,0,0,"C"
665,665,0,0,0,0,"C"
666,666,0,1,0,0,"C"
667,667,0,0,0,0,"C"
668,668,0,1,0,0,"C"
669,669,0,0,0,0,"C"
670,670,0,1,0,0,"C"
671,671,0,0,0,0,"C"
672,672,0,1,0,0,"C"
673,673,0,0,0,0,"C"
674,674,0,1,0,0,"C"
675,675,0,0,0,0,"C"
676,676,0,1,0,0,"C"
677,677,0,0,0,0,"C"
678,678,0,1,0,0,"C"
679,679,0,0,0,0,"C"
680,680,0,1,0,0,"C"
681,681,0,0,0,0,"C"
682,682,0,1,0,0,"C"
683,683,0,0,0,0,"C"
684,684,0,1,0,0,"C"
685,685,0,0,0,0,"C"
686,686,0,1,0,0,"C"
687,687,0,0,0,0,"C"
688,688,0,1,0,0,"C"
689,689,0,0,0,0,"C"
690,690,0,1,0,0,"C"
691,691,0,0,0,0,"C"
692,692,0,1,0,0,"C"
693,693,0,0,0,0,"C"
694,694,0,1,0,0,"C"
695,695,0,0,0,0,"C"
696,696,0,1,0,0,"C"
697,697,0,0,0,0,"C"
698,698,0,1,0,0,"C"
699,699,0,0,0,0,"C"
700,700,0,1,0,0,"C"
701,701,0,0,0,0,"C"
702,702,0,1,0,0,"C"
703,703,0,0,0,0,"C"
704,704,0,1,0,0,"C"
705,705,0,0,0,0,"C"
706,706,0,1,0,0,"C"
707,707,0,0,0,0,"C"
708,708,0,1,0,0,"C"
709,709,0,0,0,0,"C"
710,710,0,1,0,0,"C"
711,711,0,0,0,0,"C"
712,712,0,1,0,0,"C"
713,713,0,0,0,0,"C"
714,714,0,1,0,0,"C"
715,715,0,0,0,0,"C"
716,716,0,1,0,0,"C"
717,717,0,0,0,0,"C"
718,718,0,1,0,0,"C"
719,719,0,0,0,0,"C"
720,720,0,1,0,0,"C"
721,721,0,0,0,0,"C"
722,722,0,1,0,0,"C"
723,723,0,0,0,0,"C"
724,724,0,1,0,0,"C"
725,725,0,0,0,0,"C"
726,726,0,1,0,0,"C"
727,727,0,0,0,0,"C"
728,728,0,1,0,0,"C"
729,729,0,0,0,0,"C"
730,730,0,1,0,0,"C"
731,731,0,0,0,0,"C"
732,732,0,1,0,0,"C"
733,733,0,0,0,0,"C"
734,734,0,1,0,0,"C"
735,735,0,0,0,0,"C"
736,736,0,1,0,0,"C"
737,737,0,0,0,0,"C"
738,738,0,1,0,0,"C"
739,739,0,0,0,0,"C"
740,740,0,1,0,0,"C"
741,741,0,0,0,0,"C"
742,742,0,1,0,0,"C"
743,743,0,0,0,0,"C"
744,744,0,1,0,0,"C"
745,745,0,0,0,0,"C"
746,746,0,1,0,0,"C"
747,747,0,0,0,0,"C"
748,748,0,1,0,0,"C"
749,749,0,0,0,0,"C"
750,750,0,1,0,0,"C"
751,751,0,0,0,0,"C"
752,752,0,1,0,0,"C"
753,753,0,0,0,0,"C"
754,754,0,1,0,0,"C"
755,755,0,0,0,0,"C"
756,756,0,1,0,0,"C"
757,757,0,0,0,0,"C"
758,758,0,1,0,0,"C"
759,759,0,0,0,0,"C"
760,760,0,1,0,0,"C"
761,761,0,0,0,0,"C"
762,762,0,1,0,0,"C"
763,763,0,0,0,0,"C"
764,764,0,1,0,0,"C"
765,765,0,0,0,0,"C"
766,766,0,1,0,0,"C"
767,767,0,0,0,0,"C"
768,768,0,1,0,0,"C"
769,769,0,0,0,0,"C"
770,770,0,1,0,0,"C"
771,771,0,0,0,0,"C"
772,772,0,1,0,0,"C"
773,773,0,0,0,0,"C"
774,774,0,1,0,0,"C"
775,775,0,0,0,0,"C"
776,776,0,1,0,0,"C"
777,777,0,0,0,0,"C"
778,778,0,1,0,0,"C"
779,779,0,0,0,0,"C"
780,780,0,1,0,0,"C"
781,781,0,0,0,0,"C"
782,782,0,1,0,0,"C"
783,783,0,0,0,0,"C"
784,784,0,1,0,0,"C"
785,785,0,0,0,0,"C"
786,786,0,1,0,0,"C"
787,787,0,0,0,0,"C"
788,788,0,1,0,0,"C"
789,789,0,0,0,0,"C"
790,790,0,1,0,0,"C"
791,791,0,0,0,0,"C"
792,792,0,1,0,0,"C"
793,793,0,0,0,0,"C"
794,794,0,1,0,0,"C"
795,795,0,0,0,0,"C"
796,796,0,1,0,0,"C"
797,797,0,0,0,0,"C"
798,798,0,1,0,0,"C"
799,799,0,0,0,0,"C"
800,800,0,1,0,0,"C"
801,801,0,0,0,0,"C"
802,802,0,1,0,0,"C"
803,803,0,0,0,0,"C"
804,804,0,1,0,0,"C"
805,805,0,0,0,0,"C"
806,806,0,1,0,0,"C"
807,807,0,0,0,0,"C"
808,808,0,1,0,0,"C"
809,809,0,0,0,0,"C"
810,810,0,1,0,0,"C"
811,811,0,0,0,0,"C"
812,812,0,1,0,0,"C"
813,813,0,0,0,0,"C"
814,814,0,1,0,0,"C"
815,815,0,0,0,0,"C"
816,816,0,1,0,0,"C"
817,817,0,0,0,0,"C"
818,818,0,1,0,0,"C"
819,819,0,0,0,0,"C"
820,820,0,1,0,0,"C"
821,821,0,0,0,0,"C"
822,822,0,1,0,0,"C"
823,823,0,0,0,0,"C"
824,824,0,1,0,0,"C"
825,825,0,0,0,0,"C"
826,826,0,1,0,0,"C"
827,827,0,0,0,0,"C"
828,828,0,1,0,0,"C"
829,829,0,0,0,0,"C"
830,830,0,1,0,0,"C"
831,831,0,0,0,0,"C"
832,832,0,1,0,0,"C"
833,833,0,0,0,0,"C"
834,834,0,1,0,0,"C"
835,835,0,0,0,0,"C"
836,836,0,1,0,0,"C"
837,837,0,0,0,0,"C"
838,838,0,1,0,0,"C"
839,839,0,0,0,0,"C"
840,840,0,1,0,0,"C"
841,841,0,0,0,0,"C"
842,842,0,1,0,0,"C"
843,843,0,0,0,0,"C"
844,844,0,1,0,0,"C"
845,845,0,0,0,0,"C"
846,846,0,1,0,0,"C"
847,847,0,0,0,0,"C"
848,848,0,1,0,0,"C"
849,849,0,0,0,0,"C"
850,850,0,1,0,0,"C"
851,851,0,0,0,0,"C"
852,852,0,1,0,0,"C"
853,853,0,0,0,0,"C"
854,854,0,1,0,0,"C"
855,855,0,0,0,0,"C"
856,856,0,1,0,0,"C"
857,857,0,0,0,0,"C"
858,858,0,1,0,0,"C"
859,859,0,0,0,0,"C"
860,860,0,1,0,0,"C"
861,861,0,0,0,0,"C"
862,862,0,1,0,0,"C"
863,863,0,0,0,0,"C"
864,864,0,1,0,0,"C"
865,865,0,0,0,0,"C"
866,866,0,1,0,0,"C"
867,867,0,0,0,0,"C"
868,868,0,1,0,0,"C"
869,869,0,0,0,0,"C"
870,870,0,1,0,0,"C"
871,871,0,0,0,0,"C"
872,872,0,1,0,0,"C"
873,873,0,0,0,0,"C"
874,874,0,1,0,0,"C"
875,875,0,0,0,0,"C"
876,876,0,1,0,0,"C"
877,877,0,0,0,0,"C"
878,878,0,1,0,0,"C"
879,879,0,0,0,0,"C"
880,880,0,1,0,0,"C"
881,881,0,0,0,0,"C"
882,882,0,1,0,0,"C"
883,883,0,0,0,0,"C"
884,884,0,1,0,0,"C"
885,885,0,0,0,0,"C"
886,886,0,1,0,0,"C"
887,887,0,0,0,0,"C"
888,888,0,1,0,0,"C"
889,889,0,0,0,0,"C"
890,890,0,1,0,0,"C"
891,891,0,0,0,0,"C"
892,892,0,1,0,0,"C"
893,893,0,0,0,0,"C"
894,894,0,1,0,0,"C"
895,895,0,0,0,0,"C"
896,896,0,1,0,0,"C"
897,897,0,0,0,0,"C"
898,898,0,1,0,0,"C"
899,899,0,0,0,0,"C"
900,900,0,1,0,0,"C"
901,901,0,0,0,0,"C"
902,902,0,1,0,0,"C"
903,903,0,0,0,0,"C"
904,904,0,1,0,0,"C"
905,905,0,0,0,0,"C"
906,906,0,1,0,0,"C"
907,907,0,0,0,0,"C"
908,908,0,1,0,0,"C"
909,909,0,0,0,0,"C"
910,910,0,1,0,0,"C"
911,911,0,0,0,0,"C"
912,912,0,1,0,0,"C"
913,913,0,0,0,0,"C"
914,914,0,1,0,0,"C"
915,915,0,0,0,0,"C"
916,916,0,1,0,0,"C"
917,917,0,0,0,0,"C"
918,918,0,1,0,0,"C"
919,919,0,0,0,0,"C"
920,920,0,1,0,0,"C"
921,921,0,0,0,0,"C"
922,922,0,1,0,0,"C"
923,923,0,0,0,0,"C"
924,924,0,1,0,0,"C"
925,925,0,0,0,0,"C"
926,926,0,1,0,0,"C"
927,927,0,0,0,0,"C"
928,928,0,1,0,0,"C"
929,929,0,0,0,0,"C"
930,930,0,1,0,0,"C"
931,931,0,0,0,0,"C"
932,932,0,1,0,0,"C"
933,933,0,0,0,0,"C"
934,934,0,1,0,0,"C"
935,935,0,0,0,0,"C"
936,936,0,1,0,0,"C"
937,937,0,0,0,0,"C"
938,938,0,1,0,0,"C"
939,939,0,0,0,0,"C"
940,940,0,1,0,0,"C"
941,941,0,0,0,0,"C"
942,942,0,1,0,0,"C"
943,943,0,0,0,0,"C"
944,944,0,1,0,0,"C"
945,945,0,0,0,0,"C"
946,946,0,1,0,0,"C"
947,947,0,0,0,0,"C"
948,948,0,1,0,0,"C"
949,949,0,0,0,0,"C"
950,950,0,1,0,0,"C"
951,951,0,0,0,0,"C"
952,952,0,1,0,0,"C"
953,953,0,0,0,0,"C"
954,954,0,1,0,0,"C"
955,955,0,0,0,0,"C"
956,956,0,1,0,0,"C"
957,957,0,0,0,0,"C"
958,958,0,1,0,0,"C"
959,959,0,0,0,0,"C"
960,960,0,1,0,0,"C"
961,961,0,0,0,0,"C"
962,962,0,1,0,0,"C"
963,963,0,0,0,0,"C"
964,964,0,1,0,0,"C"
965,965,0,0,0,0,"C"
966,966,0,1,0,0,"C"
967,967,0,0,0,0,"C"
968,968,0,1,0,0,"C"
969,969,0,0,0,0,"C"
970,970,0,1,0,0,"C"
971,971,0,0,0,0,"C"
972,972,0,1,0,0,"C"
973,973,0,0,0,0,"C"
974,974,0,1,0,0,"C"
975,975,0,0,0,0,"C"
976,976,0,1,0,0,"C"
977,977,0,0,0,0,"C"
978,978,0,1,0,0,"C"
979,979,0,0,0,0,"C"
980,980,0,1,0,0,"C"
981,981,0,0,0,0,"C"
982,982,0,1,0,0,"C"
983,983,0,0,0,0,"C"
984,984,0,1,0,0,"C"
985,985,0,0,0,0,"C"
986,986,0,1,0,0,"C"
987,987,0,0,0,0,"C"
988,988,0,1,0,0,"C"
989,989,0,0,0,0,"C"
990,990,0,1,0,0,"C"
991,991,0,0,0,0,"C"
992,992,0,1,0,0,"C"
993,993,0,0,0,0,"C"
994,994,0,1,0,0,"C"
995,995,0,0,0,0,"C"
996,996,0,1,0,0,"C"
997,997,0,0,0,0,"C"
998,998,0,1,0,0,"C"
999,999,0,0,0,0,"C"
1000,1000,0,1,0,0,"C"
1001,1001,0,0,0,0,"C"
1002,1002,0,1,0,0,"C"
1003,1003,0,0,0,0,"C"
1004,1004,0,1,0,0,"C"
1005,1005,0,0,0,0,"C"
1006,1006,0,1,0,0,"C"
1007,1007,0,0,0,0,"C"
1008,1008,0,1,0,0,"C"
1009,1009,0,0,0,0,"C"
1010,1010,0,1,0,0,"C"
1011,1011,0,0,0,0,"C"
1012,1012,0,1,0,0,"C"
1013,1013,0,0,0,0,"C"
1014,1014,0,1,0,0,"C"
1015,1015,0,0,0,0,"C"
1016,1016,0,1,0,0,"C"
1017,1017,0,0,0,0,"C"
1018,1018,0,1,0,0,"C"
1019,1019,0,0,0,0,"C"
1020,1020,0,1,0,0,"C"
1021,1021,0,0,0,0,"C"
1022,1022,0,1,0,0,"C"
1023,1023,0,0,0,0,"C"
1024,1024,0,1,0,0,"C"
1025,1025,0,0,0,0,"C"
1026,1026,0,1,0,0,"C"
1027,1027,0,0,0,0,"C"
1028,1028,0,1,0,0,"C"
1029,1029,0,0,0,0,"C"
1030,1030,0,1,0,0,"C"
1031,1031,0,0,0,0,"C"
1032,1032,0,1,0,0,"C"
1033,1033,0,0,0,0,"C"
1034,1034,0,1,0,0,"C"
1035,1035,0,0,0,0,"C"
1036,1036,0,1,0,0,"C"
1037,1037,0,0,0,0,"C"
1038,1038,0,1,0,0,"C"
1039,1039,0,0,0,0,"C"
1040,1040,0,1,0,0,"C"
1041,1041,0,0,0,0,"C"
1042,1042,0,1,0,0,"C"
1043,1043,0,0,0,0,"C"
1044,1044,0,1,0,0,"C"
1045,1045,0,0,0,0,"C"
1046,1046,0,1,0,0,"C"
1047,1047,0,0,0,0,"C"
1048,1048,0,1,0,0,"C"
1049,1049,0,0,0,0,"C"
1050,1050,0,1,0,0,"C"
1051,1051,0,0,0,0,"C"
1052,1052,0,1,0,0,"C"
1053,1053,0,0,0,0,"C"
1054,1054,0,1,0,0,"C"
1055,1055,0,0,0,0,"C"
1056,1056,0,1,0,0,"C"
1057,1057,0,0,0,0,"C"
1058,1058,0,1,0,0,"C"
1059,1059,0,0,0,0,"C"
1060,1060,0,1,0,0,"C"
1061,1061,0,0,0,0,"C"
1062,1062,0,1,0,0,"C"
1063,1063,0,0,0,0,"C"
1064,1064,0,1,0,0,"C"
1065,1065,0,0,0,0,"C"
1066,1066,0,1,0,0,"C"
1067,1067,0,0,0,0,"C"
1068,1068,0,1,0,0,"C"
1069,1069,0,0,0,0,"C"
1070,1070,0,1,0,0,"C"
1071,1071,0,0,0,0,"C"
1072,1072,0,1,0,0,"C"
1073,1073,0,0,0,0,"C"
1074,1074,0,1,0,0,"C"
1075,1075,0,0,0,0,"C"
1076,1076,0,1,0,0,"C"
1077,1077,0,0,0,0,"C"
1078,1078,0,1,0,0,"C"
1079,1079,0,0,0,0,"C"
1080,1080,0,1,0,0,"C"
1081,1081,0,0,0,0,"C"
1082,1082,0,1,0,0,"C"
1083,1083,0,0,0,0,"C"
1084,1084,0,1,0,0,"C"
1085,1085,0,0,0,0,"C"
1086,1086,0,1,0,0,"C"
1087,1087,0,0,0,0,"C"
1088,1088,0,1,0,0,"C"
1089,1089,0,0,0,0,"C"
1090,1090,0,1,0,0,"C"
1091,1091,0,0,0,0,"C"
1092,1092,0,1,0,0,"C"
1093,1093,0,0,0,0,"C"
1094,1094,0,1,0,0,"C"
1095,1095,0,0,0,0,"C"
1096,1096,0,1,0,0,"C"
1097,1097,0,0,0,0,"C"
1098,1098,0,1,0,0,"C"
1099,1099,0,0,0,0,"C"
1100,1100,0,1,0,0,"C"
1101,1101,0,0,0,0,"C"
1102,1102,0,1,0,0,"C"
1103,1103,0,0,0,0,"C"
1104,1104,0,1,0,0,"C"
1105,1105,0,0,0,0,"C"
1106,1106,0,1,0,0,"C"
1107,1107,0,0,0,0,"C"
1108,1108,0,1,0,0,"C"
1109,1109,0,0,0,0,"C"
1110,1110,0,1,0,0,"C"
1111,1111,0,0,0,0,"C"
1112,1112,0,1,0,0,"C"
1113,1113,0,0,0,0,"C"
1114,1114,0,1,0,0,"C"
1115,1115,0,0,0,0,"C"
1116,1116,0,1,0,0,"C"
1117,1117,0,0,0,0,"C"
1118,1118,0,1,0,0,"C"
1119,1119,0,0,0,0,"C"
1120,1120,0,1,0,0,"C"
1121,1121,0,0,0,0,"C"
1122,1122,0,1,0,0,"C"
1123,1123,0,0,0,0,"C"
1124,1124,0,1,0,0,"C"
1125,1125,0,0,0,0,"C"
1126,1126,0,1,0,0,"C"
1127,1127,0,0,0,0,"C"
1128,1128,0,1,0,0,"C"
1129,1129,0,0,0,0,"C"
1130,1130,0,1,0,0,"C"
1131,1131,0,0,0,0,"C"
1132,1132,0,1,0,0,"C"
1133,1133,0,0,0,0,"C"
1134,1134,0,1,0,0,"C"
1135,1135,0,0,0,0,"C"
1136,1136,0,1,0,0,"C"
1137,1137,0,0,0,0,"C"
1138,1138,0,1,0,0,"C"
1139,1139,0,0,0,0,"C"
1140,1140,0,1,0,0,"C"
1141,1141,0,0,0,0,"C"
1142,1142,0,1,0,0,"C"
1143,1143,0,0,0,0,"C"
1144,1144,0,1,0,0,"C"
1145,1145,0,0,0,0,"C"
1146,1146,0,1,0,0,"C"
1147,1147,0,0,0,0,"C"
1148,1148,0,1,0,0,"C"
1149,1149,0,0,0,0,"C"
1150,1150,0,1,0,0,"C"
1151,1151,0,0,0,0,"C"
1152,1152,0,1,0,0,"C"
1153,1153,0,0,0,0,"C"
1154,1154,0,1,0,0,"C"
1155,1155,0,0,0,0,"C"
1156,1156,0,1,0,0,"C"
1157,1157,0,0,0,0,"C"
1158,1158,0,1,0,0,"C"
1159,1159,0,0,0,0,"C"
1160,1160,0,1,0,0,"C"
1161,1161,0,0,0,0,"C"
1162,1162,0,1,0,0,"C"
1163,1163,0,0,0,0,"C"
1164,1164,0,1,0,0,"C"
1165,1165,0,0,0,0,"C"
1166,1166,0,1,0,0,"C"
1167,1167,0,0,0,0,"C"
1168,1168,0,1,0,0,"C"
1169,1169,0,0,0,0,"C"
1170,1170,0,1,0,0,"C"
1171,1171,0,0,0,0,"C"
1172,1172,0,1,0,0,"C"
1173,1173,0,0,0,0,"C"
1174,1174,0,1,0,0,"C"
1175,1175,0,0,0,0,"C"
1176,1176,0,1,0,0,"C"
1177,1177,0,0,0,0,"C"
1178,1178,0,1,0,0,"C"
1179,1179,0,0,0,0,"C"
1180,1180,0,1,0,0,"C"
1181,1181,0,0,0,0,"C"
1182,1182,0,1,0,0,"C"
1183,1183,0,0,0,0,"C"
1184,1184,0,1,0,0,"C"
1185,1185,0,0,0,0,"C"
1186,1186,0,1,0,0,"C"
1187,1187,0,0,0,0,"C"
1188,1188,0,1,0,0,"C"
1189,1189,0,0,0,0,"C"
1190,1190,0,1,0,0,"C"
1191,1191,0,0,0,0,"C"
1192,1192,0,1,0,0,"C"
1193,1193,0,0,0,0,"C"
1194,1194,0,1,0,0,"C"
1195,1195,0,0,0,0,"C"
1196,1196,0,1,0,0,"C"
1197,1197,0,0,0,0,"C"
1198,1198,0,1,0,0,"C"
1199,1199,0,0,0,0,"C"
1200,1200,0,1,0,0,"C"
1201,1201,0,0,0,0,"C"
1202,1202,0,1,0,0,"C"
1203,1203,0,0,0,0,"C"
1204,1204,0,1,0,0,"C"
1205,1205,0,0,0,0,"C"
1206,1206,0,1,0,0,"C"
1207,1207,0,0,0,0,"C"
1208,1208,0,1,0,0,"C"
1209,1209,0,0,0,0,"C"
1210,1210,0,1,0,0,"C"
1211,1211,0,0,0,0,"C"
1212,1212,0,1,0,0,"C"
1213,1213,0,0,0,0,"C"
1214,1214,0,1,0,0,"C"
1215,1215,0,0,0,0,"C"
1216,1216,0,1,0,0,"C"
1217,1217,0,0,0,0,"C"
1218,1218,0,1,0,0,"C"
1219,1219,0,0,0,0,"C"
1220,1220,0,1,0,0,"C"
1221,1221,0,0,0,0,"C"
1222,1222,0,1,0,0,"C"
1223,1223,0,0,0,0,"C"
1224,1224,0,1,0,0,"C"
1225,1225,0,0,0,0,"C"
1226,1226,0,1,0,0,"C"
1227,1227,0,0,0,0,"C"
1228,1228,0,1,0,0,"C"
1229,1229,0,0,0,0,"C"
1230,1230,0,1,0,0,"C"
1231,1231,0,0,0,0,"C"
1232,1232,0,1,0,0,"C"
1233,1233,0,0,0,0,"C"
1234,1234,0,1,0,0,"C"
1235,1235,0,0,0,0,"C"
1236,1236,0,1,0,0,"C"
1237,1237,0,0,0,0,"C"
1238,1238,0,1,0,0,"C"
1239,1239,0,0,0,0,"C"
1240,1240,0,1,0,0,"C"
1241,1241,0,0,0,0,"C"
1242,1242,0,1,0,0,"C"
1243,1243,0,0,0,0,"C"
1244,1244,0,1,0,0,"C"
1245,1245,0,0,0,0,"C"
1246,1246,0,1,0,0,"C"
1247,1247,0,0,0,0,"C"
1248,1248,0,1,0,0,"C"
1249,1249,0,0,0,0,"C"
1250,1250,0,1,0,0,"C"
1251,1251,0,0,0,0,"C"
1252,1252,0,1,0,0,"C"
1253,1253,0,0,0,0,"C"
1254,1254,0,1,0,0,"C"
1255,1255,0,0,0,0,"C"
1256,1256,0,1,0,0,"C"
1257,1257,0,0,0,0,"C"
1258,1258,0,1,0,0,"C"
1259,1259,0,0,0,0,"C"
1260,1260,0,1,0,0,"C"
1261,1261,0,0,0,0,"C"
1262,1262,0,1,0,0,"C"
1263,1263,0,0,0,0,"C"
1264,1264,0,1,0,0,"C"
1265,1265,0,0,0,0,"C"
1266,1266,0,1,0,0,"C"
1267,1267,0,0,0,0,"C"
1268,1268,0,1,0,0,"C"
1269,1269,0,0,0,0,"C"
1270,1270,0,1,0,0,"C"
1271,1271,0,0,0,0,"C"
1272,1272,0,1,0,0,"C"
1273,1273,0,0,0,0,"C"
1274,1274,0,1,0,0,"C"
1275,1275,0,0,0,0,"C"
1276,1276,0,1,0,0,"C"
1277,1277,0,0,0,0,"C"
1278,1278,0,1,0,0,"C"
1279,1279,0,0,0,0,"C"
1280,1280,0,1,0,0,"C"
1281,1281,0,0,0,0,"C"
1282,1282,0,1,0,0,"C"
1283,1283,0,0,0,0,"C"
1284,1284,0,1,0,0,"C"
1285,1285,0,0,0,0,"C"
1286,1286,0,1,0,0,"C"
1287,1287,0,0,0,0,"C"
1288,1288,0,1,0,0,"C"
1289,1289,0,0,0,0,"C"
1290,1290,0,1,0,0,"C"
1291,1291,0,0,0,0,"C"
1292,1292,0,1,0,0,"C"
1293,1293,0,0,0,0,"C"
1294,1294,0,1,0,0,"C"
1295,1295,0,0,0,0,"C"
1296,1296,0,1,0,0,"C"
1297,1297,0,0,0,0,"C"
1298,1298,0,1,0,0,"C"
1299,1299,0,0,0,0,"C"
1300,1300,0,1,0,0,"C"
1301,1301,0,0,0,0,"C"
1302,1302,0,1,0,0,"C"
1303,1303,0,0,0,0,"C"
1304,1304,0,1,0,0,"C"
1305,1305,0,0,0,0,"C"
1306,1306,0,1,0,0,"C"
1307,1307,0,0,0,0,"C"
1308,1308,0,1,0,0,"C"
1309,1309,0,0,0,0,"C"
1310,1310,0,1,0,0,"C"
1311,1311,0,0,0,0,"C"
1312,1312,0,1,0,0,"C"
1313,1313,0,0,0,0,"C"
1314,1314,0,1,0,0,"C"
1315,1315,0,0,0,0,"C"
1316,1316,0,1,0,0,"C"
1317,1317,0,0,0,0,"C"
1318,1318,0,1,0,0,"C"
1319,1319,0,0,0,0,"C"
1320,1320,0,1,0,0,"C"
1321,1321,0,0,0,0,"C"
1322,1322,0,1,0,0,"C"
1323,1323,0,0,0,0,"C"
1324,1324,0,1,0,0,"C"
1325,1325,0,0,0,0,"C"
1326,1326,0,1,0,0,"C"
1327,1327,0,0,0,0,"C"
1328,1328,0,1,0,0,"C"
1329,1329,0,0,0,0,"C"
1330,1330,0,1,0,0,"C"
1331,1331,0,0,0,0,"C"
1332,1332,0,1,0,0,"C"
1333,1333,0,0,0,0,"C"
1334,1334,0,1,0,0,"C"
1335,1335,0,0,0,0,"C"
1336,1336,0,1,0,0,"C"
1337,1337,0,0,0,0,"C"
1338,1338,0,1,0,0,"C"
1339,1339,0,0,0,0,"C"
1340,1340,0,1,0,0,"C"
1341,1341,0,0,0,0,"C"
1342,1342,0,1,0,0,"C"
1343,1343,0,0,0,0,"C"
1344,1344,0,1,0,0,"C"
1345,1345,0,0,0,0,"C"
1346,1346,0,1,0,0,"C"
1347,1347,0,0,0,0,"C"
1348,1348,0,1,0,0,"C"
1349,1349,0,0,0,0,"C"
1350,1350,0,1,0,0,"C"
1351,1351,0,0,0,0,"C"
1352,1352,0,1,0,0,"C"
1353,1353,0,0,0,0,"C"
1354,1354,0,1,0,0,"C"
1355,1355,0,0,0,0,"C"
1356,1356,0,1,0,0,"C"
1357,1357,0,0,0,0,"C"
1358,1358,0,1,0,0,"C"
1359,1359,0,0,0,0,"C"
1360,1360,0,1,0,0,"C"
1361,1361,0,0,0,0,"C"
1362,1362,0,1,0,0,"C"
1363,1363,0,0,0,0,"C"
1364,1364,0,1,0,0,"C"
1365,1365,0,0,0,0,"C"
1366,1366,0,1,0,0,"C"
1367,1367,0,0,0,0,"C"
1368,1368,0,1,0,0,"C"
1369,1369,0,0,0,0,"C"
1370,1370,0,1,0,0,"C"
1371,1371,0,0,0,0,"C"
1372,1372,0,1,0,0,"C"
1373,1373,0,0,0,0,"C"
1374,1374,0,1,0,0,"C"
1375,1375,0,0,0,0,"C"
1376,1376,0,1,0,0,"C"
1377,1377,0,0,0,0,"C"
1378,1378,0,1,0,0,"C"
1379,1379,0,0,0,0,"C"
1380,1380,0,1,0,0,"C"
1381,1381,0,0,0,0,"C"
1382,1382,0,1,0,0,"C"
1383,1383,0,0,0,0,"C"
1384,1384,0,1,0,0,"C"
1385,1385,0,0,0,0,"C"
1386,1386,0,1,0,0,"C"
1387,1387,0,0,0,0,"C"
1388,1388,0,1,0,0,"C"
1389,1389,0,0,0,0,"C"
1390,1390,0,1,0,0,"C"
1391,1391,0,0,0,0,"C"
1392,1392,0,1,0,0,"C"
1393,1393,0,0,0,0,"C"
1394,1394,0,1,0,0,"C"
1395,1395,0,0,0,0,"C"
1396,1396,0,1,0,0,"C"
1397,1397,0,0,0,0,"C"
1398,1398,0,1,0,0,"C"
1399,1399,0,0,0,0,"C"
1400,1400,0,1,0,0,"C"
1401,1401,0,0,0,0,"C"
1402,1402,0,1,0,0,"C"
1403,1403,0,0,0,0,"C"
1404,1404,0,1,0,0,"C"
1405,1405,0,0,0,0,"C"
1406,1406,0,1,0,0,"C"
1407,1407,0,0,0,0,"C"
1408,1408,0,1,0,0,"C"
1409,1409,0,0,0,0,"C"
1410,1410,0,1,0,0,"C"
1411,1411,0,0,0,0,"C"
1412,1412,0,1,0,0,"C"
1413,1413,0,0,0,0,"C"
1414,1414,0,1,0,0,"C"
1415,1415,0,0,0,0,"C"
1416,1416,0,1,0,0,"C"
1417,1417,0,0,0,0,"C"
1418,1418,0,1,0,0,"C"
1419,1419,0,0,0,0,"C"
1420,1420,0,1,0,0,"C"
1421,1421,0,0,0,0,"C"
1422,1422,0,1,0,0,"C"
1423,1423,0,0,0,0,"C"
1424,1424,0,1,0,0,"C"
1425,1425,0,0,0,0,"C"
1426,1426,0,1,0,0,"C"
1427,1427,0,0,0,0,"C"
1428,1428,0,1,0,0,"C"
1429,1429,0,0,0,0,"C"
1430,1430,0,1,0,0,"C"
1431,1431,0,0,0,0,"C"
1432,1432,0,1,0,0,"C"
1433,1433,0,0,0,0,"C"
1434,1434,0,1,0,0,"C"
1435,1435,0,0,0,0,"C"
1436,1436,0,1,0,0,"C"
1437,1437,0,0,0,0,"C"
1438,1438,0,1,0,0,"C"
1439,1439,0,0,0,0,"C"
1440,1440,0,1,0,0,"C"
1441,1441,0,0,0,0,"C"
1442,1442,0,1,0,0,"C"
1443,1443,0,0,0,0,"C"
1444,1444,0,1,0,0,"C"
1445,1445,0,0,0,0,"C"
1446,1446,0,1,0,0,"C"
1447,1447,0,0,0,0,"C"
1448,1448,0,1,0,0,"C"
1449,1449,0,0,0,0,"C"
1450,1450,0,1,0,0,"C"
1451,1451,0,0,0,0,"C"
1452,1452,0,1,0,0,"C"
1453,1453,0,0,0,0,"C"
1454,1454,0,1,0,0,"C"
1455,1455,0,0,0,0,"C"
1456,1456,0,1,0,0,"C"
1457,1457,0,0,0,0,"C"
1458,1458,0,1,0,0,"C"
1459,1459,0,0,0,0,"C"
1460,1460,0,1,0,0,"C"
1461,1461,0,0,0,0,"C"
1462,1462,0,1,0,0,"C"
1463,1463,0,0,0,0,"C"
1464,1464,0,1,0,0,"C"
1465,1465,0,0,0,0,"C"
1466,1466,0,1,0,0,"C"
1467,1467,0,0,0,0,"C"
1468,1468,0,1,0,0,"C"
1469,1469,0,0,0,0,"C"
1470,1470,0,1,0,0,"C"
1471,1471,0,0,0,0,"C"
1472,1472,0,1,0,0,"C"
1473,1473,0,0,0,0,"C"
1474,1474,0,1,0,0,"C"
1475,1475,0,0,0,0,"C"
1476,1476,0,1,0,0,"C"
1477,1477,0,0,0,0,"C"
1478,1478,0,1,0,0,"C"
1479,1479,0,0,0,0,"C"
1480,1480,0,1,0,0,"C"
1481,1481,0,0,0,0,"C"
1482,1482,0,1,0,0,"C"
1483,1483,0,0,0,0,"C"
1484,1484,0,1,0,0,"C"
1485,1485,0,0,0,0,"C"
1486,1486,0,1,0,0,"C"
1487,1487,0,0,0,0,"C"
1488,1488,0,1,0,0,"C"
1489,1489,0,0,0,0,"C"
1490,1490,0,1,0,0,"C"
1491,1491,0,0,0,0,"C"
1492,1492,0,1,0,0,"C"
1493,1493,0,0,0,0,"C"
1494,1494,0,1,0,0,"C"
1495,1495,0,0,0,0,"C"
1496,1496,0,1,0,0,"C"
1497,1497,0,0,0,0,"C"
1498,1498,0,1,0,0,"C"
1499,1499,0,0,0,0,"C"
1500,1500,0,1,0,0,"C"
1501,1501,0,0,0,0,"C"
1502,1502,0,1,0,0,"C"
1503,1503,0,0,0,0,"C"
1504,1504,0,1,0,0,"C"
1505,1505,0,0,0,0,"C"
1506,1506,0,1,0,0,"C"
1507,1507,0,0,0,0,"C"
1508,1508,0,1,0,0,"C"
1509,1509,0,0,0,0,"C"
1510,1510,0,1,0,0,"C"
1511,1511,0,0,0,0,"C"
1512,1512,0,1,0,0,"C"
1513,1513,0,0,0,0,"C"
1514,1514,0,1,0,0,"C"
1515,1515,0,0,0,0,"C"
1516,1516,0,1,0,0,"C"
1517,1517,0,0,0,0,"C"
1518,1518,0,1,0,0,"C"
1519,1519,0,0,0,0,"C"
1520,1520,0,1,0,0,"C"
1521,1521,0,0,0,0,"C"
1522,1522,0,1,0,0,"C"
1523,1523,0,0,0,0,"C"
1524,1524,0,1,0,0,"C"
1525,1525,0,0,0,0,"C"
1526,1526,0,1,0,0,"C"
1527,1527,0,0,0,0,"C"
1528,1528,0,1,0,0,"C"
1529,1529,0,0,0,0,"C"
1530,1530,0,1,0,0,"C"
1531,1531,0,0,0,0,"C"
1532,1532,0,1,0,0,"C"
1533,1533,0,0,0,0,"C"
1534,1534,0,1,0,0,"C"
1535,1535,0,0,0,0,"C"
1536,1536,0,1,0,0,"C"
1537,1537,0,0,0,0,"C"
1538,1538,0,1,0,0,"C"
1539,1539,0,0,0,0,"C"
1540,1540,0,1,0,0,"C"
1541,1541,0,0,0,0,"C"
1542,1542,0,1,0,0,"C"
1543,1543,0,0,0,0,"C"
1544,1544,0,1,0,0,"C"
1545,1545,0,0,0,0,"C"
1546,1546,0,1,0,0,"C"
1547,1547,0,0,0,0,"C"
1548,1548,0,1,0,0,"C"
1549,1549,0,0,0,0,"C"
1550,1550,0,1,0,0,"C"
1551,1551,0,0,0,0,"C"
1552,1552,0,1,0,0,"C"
1553,1553,0,0,0,0,"C"
1554,1554,0,1,0,0,"C"
1555,1555,0,0,0,0,"C"
1556,1556,0,1,0,0,"C"
1557,1557,0,0,0,0,"C"
1558,1558,0,1,0,0,"C"
1559,1559,0,0,0,0,"C"
1560,1560,0,1,0,0,"C"
1561,1561,0,0,0,0,"C"
1562,1562,0,1,0,0,"C"
1563,1563,0,0,0,0,"C"
1564,1564,0,1,0,0,"C"
1565,1565,0,0,0,0,"C"
1566,1566,0,1,0,0,"C"
1567,1567,0,0,0,0,"C"
1568,1568,0,1,0,0,"C"
1569,1569,0,0,0,0,"C"
1570,1570,0,1,0,0,"C"
1571,1571,0,0,0,0,"C"
1572,1572,0,1,0,0,"C"
1573,1573,0,0,0,0,"C"
1574,1574,0,1,0,0,"C"
1575,1575,0,0,0,0,"C"
1576,1576,0,1,0,0,"C"
1577,1577,0,0,0,0,"C"
1578,1578,0,1,0,0,"C"
1579,1579,0,0,0,0,"C"
1580,1580,0,1,0,0,"C"
1581,1581,0,0,0,0,"C"
1582,1582,0,1,0,0,"C"
1583,1583,0,0,0,0,"C"
1584,1584,0,1,0,0,"C"
1585,1585,0,0,0,0,"C"
1586,1586,0,1,0,0,"C"
1587,1587,0,0,0,0,"C"
1588,1588,0,1,0,0,"C"
1589,1589,0,0,0,0,"C"
1590,1590,0,1,0,0,"C"
1591,1591,0,0,0,0,"C"
1592,1592,0,1,0,0,"C"
1593,1593,0,0,0,0,"C"
1594,1594,0,1,0,0,"C"
1595,1595,0,0,0,0,"C"
1596,1596,0,1,0,0,"C"
1597,1597,0,0,0,0,"C"
1598,1598,0,1,0,0,"C"
1599,1599,0,0,0,0,"C"
1600,1600,0,1,0,0,"C"
1601,1601,0,0,0,0,"C"
1602,1602,0,1,0,0,"C"
1603,1603,0,0,0,0,"C"
1604,1604,0,1,0,0,"C"
1605,1605,0,0,0,0,"C"
1606,1606,0,1,0,0,"C"
1607,1607,0,0,0,0,"C"
1608,1608,0,1,0,0,"C"
1609,1609,0,0,0,0,"C"
1610,1610,0,1,0,0,"C"
1611,1611,0,0,0,0,"C"
1612,1612,0,1,0,0,"C"
1613,1613,0,0,0,0,"C"
1614,1614,0,1,0,0,"C"
1615,1615,0,0,0,0,"C"
1616,1616,0,1,0,0,"C"
1617,1617,0,0,0,0,"C"
1618,1618,0,1,0,0,"C"
1619,1619,0,0,0,0,"C"
1620,1620,0,1,0,0,"C"
1621,1621,0,0,0,0,"C"
1622,1622,0,1,0,0,"C"
1623,1623,0,0,0,0,"C"
1624,1624,0,1,0,0,"C"
1625,1625,0,0,0,0,"C"
1626,1626,0,1,0,0,"C"
1627,1627,0,0,0,0,"C"
1628,1628,0,1,0,0,"C"
1629,1629,0,0,0,0,"C"
1630,1630,0,1,0,0,"C"
1631,1631,0,0,0,0,"C"
1632,1632,0,1,0,0,"C"
1633,1633,0,0,0,0,"C"
1634,1634,0,1,0,0,"C"
1635,1635,0,0,0,0,"C"
1636,1636,0,1,0,0,"C"
1637,1637,0,0,0,0,"C"
1638,1638,0,1,0,0,"C"
1639,1639,0,0,0,0,"C"
1640,1640,0,1,0,0,"C"
1641,1641,0,0,0,0,"C"
1642,1642,0,1,0,0,"C"
1643,1643,0,0,0,0,"C"
1644,1644,0,1,0,0,"C"
1645,1645,0,0,0,0,"C"
1646,1646,0,1,0,0,"C"
1647,1647,0,0,0,0,"C"
1648,1648,0,1,0,0,"C"
1649,1649,0,0,0,0,"C"
1650,1650,0,1,0,0,"C"
1651,1651,0,0,0,0,"C"
1652,1652,0,1,0,0,"C"
1653,1653,0,0,0,0,"C"
1654,1654,0,1,0,0,"C"
1655,1655,0,0,0,0,"C"
1656,1656,0,1,0,0,"C"
1657,1657,0,0,0,0,"C"
1658,1658,0,1,0,0,"C"
1659,1659,0,0,0,0,"C"
1660,1660,0,1,0,0,"C"
1661,1661,0,0,0,0,"C"
1662,1662,0,1,0,0,"C"
1663,1663,0,0,0,0,"C"
1664,1664,0,1,0,0,"C"
1665,1665,0,0,0,0,"C"
1666,1666,0,1,0,0,"C"
1667,1667,0,0,0,0,"C"
1668,1668,0,1,0,0,"C"
1669,1669,0,0,0,0,"C"
1670,1670,0,1,0,0,"C"
1671,1671,0,0,0,0,"C"
1672,1672,0,1,0,0,"C"
1673,1673,0,0,0,0,"C"
1674,1674,0,1,0,0,"C"
1675,1675,0,0,0,0,"C"
1676,1676,0,1,0,0,"C"
1677,1677,0,0,0,0,"C"
1678,1678,0,1,0,0,"C"
1679,1679,0,0,0,0,"C"
1680,1680,0,1,0,0,"C"
1681,1681,0,0,0,0,"C"
1682,1682,0,1,0,0,"C"
1683,1683,0,0,0,0,"C"
1684,1684,0,1,0,0,"C"
1685,1685,0,0,0,0,"C"
1686,1686,0,1,0,0,"C"
1687,1687,0,0,0,0,"C"
1688,1688,0,1,0,0,"C"
1689,1689,0,0,0,0,"C"
1690,1690,0,1,0,0,"C"
1691,1691,0,0,0,0,"C"
1692,1692,0,1,0,0,"C"
1693,1693,0,0,0,0,"C"
1694,1694,0,1,0,0,"C"
1695,1695,0,0,0,0,"C"
1696,1696,0,1,0,0,"C"
1697,1697,0,0,0,0,"C"
1698,1698,0,1,0,0,"C"
1699,1699,0,0,0,0,"C"
1700,1700,0,1,0,0,"C"
1701,1701,0,0,0,0,"C"
1702,1702,0,1,0,0,"C"
1703,1703,0,0,0,0,"C"
1704,1704,0,1,0,0,"C"
1705,1705,0,0,0,0,"C"
1706,1706,0,1,0,0,"C"
1707,1707,0,0,0,0,"C"
1708,1708,0,1,0,0,"C"
1709,1709,0,0,0,0,"C"
1710,1710,0,1,0,0,"C"
1711,1711,0,0,0,0,"C"
1712,1712,0,1,0,0,"C"
1713,1713,0,0,0,0,"C"
1714,1714,0,1,0,0,"C"
1715,1715,0,0,0,0,"C"
1716,1716,0,1,0,0,"C"
1717,1717,0,0,0,0,"C"
1718,1718,0,1,0,0,"C"
1719,1719,0,0,0,0,"C"
1720,1720,0,1,0,0,"C"
1721,1721,0,0,0,0,"C"
1722,1722,0,1,0,0,"C"
1723,1723,0,0,0,0,"C"
1724,1724,0,1,0,0,"C"
1725,1725,0,0,0,0,"C"
1726,1726,0,1,0,0,"C"
1727,1727,0,0,0,0,"C"
1728,1728,0,1,0,0,"C"
1729,1729,0,0,0,0,"C"
1730,1730,0,1,0,0,"C"
1731,1731,0,0,0,0,"C"
1732,1732,0,1,0,0,"C"
1733,1733,0,0,0,0,"C"
1734,1734,0,1,0,0,"C"
1735,1735,0,0,0,0,"C"
1736,1736,0,1,0,0,"C"
1737,1737,0,0,0,0,"C"
1738,1738,0,1,0,0,"C"
1739,1739,0,0,0,0,"C"
1740,1740,0,1,0,0,"C"
1741,1741,0,0,0,0,"C"
1742,1742,0,1,0,0,"C"
1743,1743,0,0,0,0,"C"
1744,1744,0,1,0,0,"C"
1745,1745,0,0,0,0,"C"
1746,1746,0,1,0,0,"C"
1747,1747,0,0,0,0,"C"
1748,1748,0,1,0,0,"C"
1749,1749,0,0,0,0,"C"
1750,1750,0,1,0,0,"C"
1751,1751,0,0,0,0,"C"
1752,1752,0,1,0,0,"C"
1753,1753,0,0,0,0,"C"
1754,1754,0,1,0,0,"C"
1755,1755,0,0,0,0,"C"
1756,1756,0,1,0,0,"C"
1757,1757,0,0,0,0,"C"
1758,1758,0,1,0,0,"C"
1759,1759,0,0,0,0,"C"
1760,1760,0,1,0,0,"C"
1761,1761,0,0,0,0,"C"
1762,1762,0,1,0,0,"C"
1763,1763,0,0,0,0,"C"
1764,1764,0,1,0,0,"C"
1765,1765,0,0,0,0,"C"
1766,1766,0,1,0,0,"C"
1767,1767,0,0,0,0,"C"
1768,1768,0,1,0,0,"C"
1769,1769,0,0,0,0,"C"
1770,1770,0,1,0,0,"C"
1771,1771,0,0,0,0,"C"
1772,1772,0,1,0,0,"C"
1773,1773,0,0,0,0,"C"
1774,1774,0,1,0,0,"C"
1775,1775,0,0,0,0,"C"
1776,1776,0,1,0,0,"C"
1777,1777,0,0,0,0,"C"
1778,1778,0,1,0,0,"C"
1779,1779,0,0,0,0,"C"
1780,1780,0,1,0,0,"C"
1781,1781,0,0,0,0,"C"
1782,1782,0,1,0,0,"C"
1783,1783,0,0,0,0,"C"
1784,1784,0,1,0,0,"C"
1785,1785,0,0,0,0,"C"
1786,1786,0,1,0,0,"C"
1787,1787,0,0,0,0,"C"
1788,1788,0,1,0,0,"C"
1789,1789,0,0,0,0,"C"
1790,1790,0,1,0,0,"C"
1791,1791,0,0,0,0,"C"
1792,1792,0,1,0,0,"C"
1793,1793,0,0,0,0,"C"
1794,1794,0,1,0,0,"C"
1795,1795,0,0,0,0,"C"
1796,1796,0,1,0,0,"C"
1797,1797,0,0,0,0,"C"
1798,1798,0,1,0,0,"C"
1799,1799,0,0,0,0,"C"
1800,1800,0,1,0,0,"C"
1801,1801,0,0,0,0,"C"
1802,1802,0,1,0,0,"C"
1803,1803,0,0,0,0,"C"
1804,1804,0,1,0,0,"C"
1805,1805,0,0,0,0,"C"
1806,1806,0,1,0,0,"C"
1807,1807,0,0,0,0,"C"
1808,1808,0,1,0,0,"C"
1809,1809,0,0,0,0,"C"
1810,1810,0,1,0,0,"C"
1811,1811,0,0,0,0,"C"
1812,1812,0,1,0,0,"C"
1813,1813,0,0,0,0,"C"
1814,1814,0,1,0,0,"C"
1815,1815,0,0,0,0,"C"
1816,1816,0,1,0,0,"C"
1817,1817,0,0,0,0,"C"
1818,1818,0,1,0,0,"C"
1819,1819,0,0,0,0,"C"
1820,1820,0,1,0,0,"C"
1821,1821,0,0,0,0,"C"
1822,1822,0,1,0,0,"C"
1823,1823,0,0,0,0,"C"
1824,1824,0,1,0,0,"C"
1825,1825,0,0,0,0,"C"
1826,1826,0,1,0,0,"C"
1827,1827,0,0,0,0,"C"
1828,1828,0,1,0,0,"C"
1829,1829,0,0,0,0,"C"
1830,1830,0,1,0,0,"C"
1831,1831,0,0,0,0,"C"
1832,1832,0,1,0,0,"C"
1833,1833,0,0,0,0,"C"
1834,1834,0,1,0,0,"C"
1835,1835,0,0,0,0,"C"
1836,1836,0,1,0,0,"C"
1837,1837,0,0,0,0,"C"
1838,1838,0,1,0,0,"C"
1839,1839,0,0,0,0,"C"
1840,1840,0,1,0,0,"C"
1841,1841,0,0,0,0,"C"
1842,1842,0,1,0,0,"C"
1843,1843,0,0,0,0,"C"
1844,1844,0,1,0,0,"C"
1845,1845,0,0,0,0,"C"
1846,1846,0,1,0,0,"C"
1847,1847,0,0,0,0,"C"
1848,1848,0,1,0,0,"C"
1849,1849,0,0,0,0,"C"
1850,1850,0,1,0,0,"C"
1851,1851,0,0,0,0,"C"
1852,1852,0,1,0,0,"C"
1853,1853,0,0,0,0,"C"
1854,1854,0,1,0,0,"C"
1855,1855,0,0,0,0,"C"
1856,1856,0,1,0,0,"C"
1857,1857,0,0,0,0,"C"
1858,1858,0,1,0,0,"C"
1859,1859,0,0,0,0,"C"
1860,1860,0,1,0,0,"C"
1861,1861,0,0,0,0,"C"
1862,1862,0,1,0,0,"C"
1863,1863,0,0,0,0,"C"
1864,1864,0,1,0,0,"C"
1865,1865,0,0,0,0,"C"
1866,1866,0,1,0,0,"C"
1867,1867,0,0,0,0,"C"
1868,1868,0,1,0,0,"C"
1869,1869,0,0,0,0,"C"
1870,1870,0,1,0,0,"C"
1871,1871,0,0,0,0,"C"
1872,1872,0,1,0,0,"C"
1873,1873,0,0,0,0,"C"
1874,1874,0,1,0,0,"C"
1875,1875,0,0,0,0,"C"
1876,1876,0,1,0,0,"C"
1877,1877,0,0,0,0,"C"
1878,1878,0,1,0,0,"C"
1879,1879,0,0,0,0,"C"
1880,1880,0,1,0,0,"C"
1881,1881,0,0,0,0,"C"
1882,1882,0,1,0,0,"C"
1883,1883,0,0,0,0,"C"
1884,1884,0,1,0,0,"C"
1885,1885,0,0,0,0,"C"
1886,1886,0,1,0,0,"C"
1887,1887,0,0,0,0,"C"
1888,1888,0,1,0,0,"C"
1889,1889,0,0,0,0,"C"
1890,1890,0,1,0,0,"C"
1891,1891,0,0,0,0,"C"
1892,1892,0,1,0,0,"C"
1893,1893,0,0,0,0,"C"
1894,1894,0,1,0,0,"C"
1895,1895,0,0,0,0,"C"
1896,1896,0,1,0,0,"C"
1897,1897,0,0,0,0,"C"
1898,1898,0,1,0,0,"C"
1899,1899,0,0,0,0,"C"
1900,1900,0,1,0,0,"C"
1901,1901,0,0,0,0,"C"
1902,1902,0,1,0,0,"C"
1903,1903,0,0,0,0,"C"
1904,1904,0,1,0,0,"C"
1905,1905,0,0,0,0,"C"
1906,1906,0,1,0,0,"C"
1907,1907,0,0,0,0,"C"
1908,1908,0,1,0,0,"C"
1909,1909,0,0,0,0,"C"
1910,1910,0,1,0,0,"C"
1911,1911,0,0,0,0,"C"
1912,1912,0,1,0,0,"C"
1913,1913,0,0,0,0,"C"
1914,1914,0,1,0,0,"C"
1915,1915,0,0,0,0,"C"
1916,1916,0,1,0,0,"C"
1917,1917,0,0,0,0,"C"
1918,1918,0,1,0,0,"C"
1919,1919,0,0,0,0,"C"
1920,1920,0,1,0,0,"C"
1921,1921,0,0,0,0,"C"
1922,1922,0,1,0,0,"C"
1923,1923,0,0,0,0,"C"
1924,1924,0,1,0,0,"C"
1925,1925,0,0,0,0,"C"
1926,1926,0,1,0,0,"C"
1927,1927,0,0,0,0,"C"
1928,1928,0,1,0,0,"C"
1929,1929,0,0,0,0,"C"
1930,1930,0,1,0,0,"C"
1931,1931,0,0,0,0,"C"
1932,1932,0,1,0,0,"C"
1933,1933,0,0,0,0,"C"
1934,1934,0,1,0,0,"C"
1935,1935,0,0,0,0,"C"
1936,1936,0,1,0,0,"C"
1937,1937,0,0,0,0,"C"
1938,1938,0,1,0,0,"C"
1939,1939,0,0,0,0,"C"
1940,1940,0,1,0,0,"C"
1941,1941,0,0,0,0,"C"
1942,1942,0,1,0,0,"C"
1943,1943,0,0,0,0,"C"
1944,1944,0,1,0,0,"C"
1945,1945,0,0,0,0,"C"
1946,1946,0,1,0,0,"C"
1947,1947,0,0,0,0,"C"
1948,1948,0,1,0,0,"C"
1949,1949,0,0,0,0,"C"
1950,1950,0,1,0,0,"C"
1951,1951,0,0,0,0,"C"
1952,1952,0,1,0,0,"C"
1953,1953,0,0,0,0,"C"
1954,1954,0,1,0,0,"C"
1955,1955,0,0,0,0,"C"
1956,1956,0,1,0,0,"C"
1957,1957,0,0,0,0,"C"
1958,1958,0,1,0,0,"C"
1959,1959,0,0,0,0,"C"
1960,1960,0,1,0,0,"C"
1961,1961,0,0,0,0,"C"
1962,1962,0,1,0,0,"C"
1963,1963,0,0,0,0,"C"
1964,1964,0,1,0,0,"C"
1965,1965,0,0,0,0,"C"
1966,1966,0,1,0,0,"C"
1967,1967,0,0,0,0,"C"
1968,1968,0,1,0,0,"C"
1969,1969,0,0,0,0,"C"
1970,1970,0,1,0,0,"C"
1971,1971,0,0,0,0,"C"
1972,1972,0,1,0,0,"C"
1973,1973,0,0,0,0,"C"
1974,1974,0,1,0,0,"C"
1975,1975,0,0,0,0,"C"
1976,1976,0,1,0,0,"C"
1977,1977,0,0,0,0,"C"
1978,1978,0,1,0,0,"C"
1979,1979,0,0,0,0,"C"
1980,1980,0,1,0,0,"C"
1981,1981,0,0,0,0,"C"
1982,1982,0,1,0,0,"C"
1983,1983,0,0,0,0,"C"
1984,1984,0,1,0,0,"C"
1985,1985,0,0,0,0,"C"
1986,1986,0,1,0,0,"C"
1987,1987,0,0,0,0,"C"
1988,1988,0,1,0,0,"C"
1989,1989,0,0,0,0,"C"
1990,1990,0,1,0,0,"C"
1991,1991,0,0,0,0,"C"
1992,1992,0,1,0,0,"C"
1993,1993,0,0,0,0,"C"
1994,1994,0,1,0,0,"C"
1995,1995,0,0,0,0,"C"
1996,1996,0,1,0,0,"C"
1997,1997,0,0,0,0,"C"
1998,1998,0,1,0,0,"C"
1999,1999,0,0,0,0,"C"
2000,2000,0,1,0,0,"C"
2001,2001,0,0,0,0,"C"
2002,2002,0,1,0,0,"C"
2003,2003,0,0,0,0,"C"
2004,2004,0,1,0,0,"C"
2005,2005,0,0,0,0,"C"
2006,2006,0,1,0,0,"C"
2007,2007,0,0,0,0,"C"
2008,2008,0,1,0,0,"C"
2009,2009,0,0,0,0,"C"
2010,2010,0,1,0,0,"C"
2011,2011,0,0,0,0,"C"
2012,2012,0,1,0,0,"C"
2013,2013,0,0,0,0,"C"
2014,2014,0,1,0,0,"C"
2015,2015,0,0,0,0,"C"
2016,2016,0,1,0,0,"C"
2017,2017,0,0,0,0,"C"
2018,2018,0,1,0,0,"C"
2019,2019,0,0,0,0,"C"
2020,2020,0,1,0,0,"C"
2021,2021,0,0,0,0,"C"
2022,2022,0,1,0,0,"C"
2023,2023,0,0,0,0,"C"
2024,2024,0,1,0,0,"C"
2025,2025,0,0,0,0,"C"
2026,2026,0,1,0,0,"C"
2027,2027,0,0,0,0,"C"
2028,2028,0,1,0,0,"C"
2029,2029,0,0,0,0,"C"
2030,2030,0,1,0,0,"C"
2031,2031,0,0,0,0,"C"
2032,2032,0,1,0,0,"C"
2033,2033,0,0,0,0,"C"
2034,2034,0,1,0,0,"C"
2035,2035,0,0,0,0,"C"
2036,2036,0,1,0,0,"C"
2037,2037,0,0,0,0,"C"
2038,2038,0,1,0,0,"C"
2039,2039,0,0,0,0,"C"
2040,2040,0,1,0,0,"C"
2041,2041,0,0,0,0,"C"
2042,2042,0,1,0,0,"C"
2043,2043,0,0,0,0,"C"
2044,2044,0,1,0,0,"C"
2045,2045,0,0,0,0,"C"
2046,2046,0,1,0,0,"C"
2047,2047,0,0,0,0,"C"
2048,2048,1,1,0,0,"C"
2049,2049,0,0,0,0,"C"
2050,2050,0,1,0,0,"C"
2051,2051,0,0,0,0,"C"
2052,2052,0,1,0,0,"C"
2053,2053,0,0,0,0,"C"
2054,2054,0,1,0,0,"C"
2055,2055,0,0,0,0,"C"
2056,2056,0,1,0,0,"C"
2057,2057,0,0,0,0,"C"
2058,2058,0,1,0,0,"C"
2059,2059,0,0,0,0,"C"
2060,2060,0,1,0,0,"C"
2061,2061,0,0,0,0,"C"
2062,2062,0,1,0,0,"C"
2063,2063,0,0,0,0,"C"
2064,2064,0,1,0,0,"C"
2065,2065,0,0,0,0,"C"
2066,2066,0,1,0,0,"C"
2067,2067,0,0,0,0,"C"
2068,2068,0,1,0,0,"C"
2069,2069,0,0,0,0,"C"
2070,2070,0,1,0,0,"C"
2071,2071,0,0,0,0,"C"
2072,2072,0,1,0,0,"C"
2073,2073,0,0,0,0,"C"
2074,2074,0,1,0,0,"C"
2075,2075,0,0,0,0,"C"
2076,2076,0,1,0,0,"C"
2077,2077,0,0,0,0,"C"
2078,2078,0,1,0,0,"C"
2079,2079,0,0,0,0,"C"
2080,2080,0,1,0,0,"C"
2081,2081,0,0,0,0,"C"
2082,2082,0,1,0,0,"C"
2083,2083,0,0,0,0,"C"
2084,2084,0,1,0,0,"C"
2085,2085,0,0,0,0,"C"
2086,2086,0,1,0,0,"C"
2087,2087,0,0,0,0,"C"
2088,2088,0,1,0,0,"C"
2089,2089,0,0,0,0,"C"
2090,2090,0,1,0,0,"C"
2091,2091,0,0,0,0,"C"
2092,2092,0,1,0,0,"C"
2093,2093,0,0,0,0,"C"
2094,2094,0,1,0,0,"C"
2095,2095,0,0,0,0,"C"
2096,2096,0,1,0,0,"C"
2097,2097,0,0,0,0,"C"
2098,2098,0,1,0,0,"C"
2099,2099,0,0,0,0,"C"
2100,2100,0,1,0,0,"C"
2101,2101,0,0,0,0,"C"
2102,2102,0,1,0,0,"C"
2103,2103,0,0,0,0,"C"
2104,2104,0,1,0,0,"C"
2105,2105,0,0,0,0,"C"
2106,2106,0,1,0,0,"C"
2107,2107,0,0,0,0,"C"
2108,2108,0,1,0,0,"C"
2109,2109,0,0,0,0,"C"
2110,2110,0,1,0,0,"C"
2111,2111,0,0,0,0,"C"
2112,2112,0,1,0,0,"C"
2113,2113,0,0,0,0,"C"
2114,2114,0,1,0,0,"C"
2115,2115,0,0,0,0,"C"
2116,2116,0,1,0,0,"C"
2117,2117,0,0,0,0,"C"
2118,2118,0,1,0,0,"C"
2119,2119,0,0,0,0,"C"
2120,2120,0,1,0,0,"C"
2121,2121,0,0,0,0,"C"
2122,2122,0,1,0,0,"C"
2123,2123,0,0,0,0,"C"
2124,2124,0,1,0,0,"C"
2125,2125,0,0,0,0,"C"
2126,2126,0,1,0,0,"C"
2127,2127,0,0,0,0,"C"
2128,2128,0,1,0,0,"C"
2129,2129,0,0,0,0,"C"
2130,2130,0,1,0,0,"C"
2131,2131,0,0,0,0,"C"
2132,2132,0,1,0,0,"C"
2133,2133,0,0,0,0,"C"
2134,2134,0,1,0,0,"C"
2135,2135,0,0,0,0,"C"
2136,2136,0,1,0,0,"C"
2137,2137,0,0,0,0,"C"
2138,2138,0,1,0,0,"C"
2139,2139,0,0,0,0,"C"
2140,2140,0,1,0,0,"C"
2141,2141,0,0,0,0,"C"
2142,2142,0,1,0,0,"C"
2143,2143,0,0,0,0,"C"
2144,2144,0,1,0,0,"C"
2145,2145,0,0,0,0,"C"
2146,2146,0,1,0,0,"C"
2147,2147,0,0,0,0,"C"
2148,2148,0,1,0,0,"C"
2149,2149,0,0,0,0,"C"
2150,2150,0,1,0,0,"C"
2151,2151,0,0,0,0,"C"
2152,2152,0,1,0,0,"C"
2153,2153,0,0,0,0,"C"
2154,2154,0,1,0,0,"C"
2155,2155,0,0,0,0,"C"
2156,2156,0,1,0,0,"C"
2157,2157,0,0,0,0,"C"
2158,2158,0,1,0,0,"C"
2159,2159,0,0,0,0,"C"
2160,2160,0,1,0,0,"C"
2161,2161,0,0,0,0,"C"
2162,2162,0,1,0,0,"C"
2163,2163,0,0,0,0,"C"
2164,2164,0,1,0,0,"C"
2165,2165,0,0,0,0,"C"
2166,2166,0,1,0,0,"C"
2167,2167,0,0,0,0,"C"
2168,2168,0,1,0,0,"C"
2169,2169,0,0,0,0,"C"
2170,2170,0,1,0,0,"C"
2171,2171,0,0,0,0,"C"
2172,2172,0,1,0,0,"C"
2173,2173,0,0,0,0,"C"
2174,2174,0,1,0,0,"C"
2175,2175,0,0,0,0,"C"
2176,2176,0,1,0,0,"C"
2177,2177,0,0,0,0,"C"
2178,2178,0,1,0,0,"C"
2179,2179,0,0,0,0,"C"
2180,2180,0,1,0,0,"C"
2181,2181,0,0,0,0,"C"
2182,2182,0,1,0,0,"C"
2183,2183,0,0,0,0,"C"
2184,2184,0,1,0,0,"C"
2185,2185,0,0,0,0,"C"
2186,2186,0,1,0,0,"C"
2187,2187,0,0,0,0,"C"
2188,2188,0,1,0,0,"C"
2189,2189,0,0,0,0,"C"
2190,2190,0,1,0,0,"C"
2191,2191,0,0,0,0,"C"
2192,2192,0,1,0,0,"C"
2193,2193,0,0,0,0,"C"
2194,2194,0,1,0,0,"C"
2195,2195,0,0,0,0,"C"
2196,2196,0,1,0,0,"C"
2197,2197,0,0,0,0,"C"
2198,2198,0,1,0,0,"C"
2199,2199,0,0,0,0,"C"
2200,2200,0,1,0,0,"C"
2201,2201,0,0,0,0,"C"
2202,2202,0,1,0,0,"C"
2203,2203,0,0,0,0,"C"
2204,2204,0,1,0,0,"C"
2205,2205,0,0,0,0,"C"
2206,2206,0,1,0,0,"C"
2207,2207,0,0,0,0,"C"
2208,2208,0,1,0,0,"C"
2209,2209,0,0,0,0,"C"
2210,2210,0,1,0,0,"C"
2211,2211,0,0,0,0,"C"
2212,2212,0,1,0,0,"C"
2213,2213,0,0,0,0,"C"
2214,2214,0,1,0,0,"C"
2215,2215,0,0,0,0,"C"
2216,2216,0,1,0,0,"C"
2217,2217,0,0,0,0,"C"
2218,2218,0,1,0,0,"C"
2219,2219,0,0,0,0,"C"
2220,2220,0,1,0,0,"C"
2221,2221,0,0,0,0,"C"
2222,2222,0,1,0,0,"C"
2223,2223,0,0,0,0,"C"
2224,2224,0,1,0,0,"C"
2225,2225,0,0,0,0,"C"
2226,2226,0,1,0,0,"C"
2227,2227,0,0,0,0,"C"
2228,2228,0,1,0,0,"C"
2229,2229,0,0,0,0,"C"
2230,2230,0,1,0,0,"C"
2231,2231,0,0,0,0,"C"
2232,2232,0,1,0,0,"C"
2233,2233,0,0,0,0,"C"
2234,2234,0,1,0,0,"C"
2235,2235,0,0,0,0,"C"
2236,2236,0,1,0,0,"C"
2237,2237,0,0,0,0,"C"
2238,2238,0,1,0,0,"C"
2239,2239,0,0,0,0,"C"
2240,2240,0,1,0,0,"C"
2241,2241,0,0,0,0,"C"
2242,2242,0,1,0,0,"C"
2243,2243,0,0,0,0,"C"
2244,2244,0,1,0,0,"C"
2245,2245,0,0,0,0,"C"
2246,2246,0,1,0,0,"C"
2247,2247,0,0,0,0,"C"
2248,2248,0,1,0,0,"C"
2249,2249,0,0,0,0,"C"
2250,2250,0,1,0,0,"C"
2251,2251,0,0,0,0,"C"
2252,2252,0,1,0,0,"C"
2253,2253,0,0,0,0,"C"
2254,2254,0,1,0,0,"C"
2255,2255,0,0,0,0,"C"
2256,2256,0,1,0,0,"C"
2257,2257,0,0,0,0,"C"
2258,2258,0,1,0,0,"C"
2259,2259,0,0,0,0,"C"
2260,2260,0,1,0,0,"C"
2261,2261,0,0,0,0,"C"
2262,2262,0,1,0,0,"C"
2263,2263,0,0,0,0,"C"
2264,2264,0,1,0,0,"C"
2265,2265,0,0,0,0,"C"
2266,2266,0,1,0,0,"C"
2267,2267,0,0,0,0,"C"
2268,2268,0,1,0,0,"C"
2269,2269,0,0,0,0,"C"
2270,2270,0,1,0,0,"C"
2271,2271,0,0,0,0,"C"
2272,2272,0,1,0,0,"C"
2273,2273,0,0,0,0,"C"
2274,2274,0,1,0,0,"C"
2275,2275,0,0,0,0,"C"
2276,2276,0,1,0,0,"C"
2277,2277,0,0,0,0,"C"
2278,2278,0,1,0,0,"C"
2279,2279,0,0,0,0,"C"
2280,2280,0,1,0,0,"C"
2281,2281,0,0,0,0,"C"
2282,2282,0,1,0,0,"C"
2283,2283,0,0,0,0,"C"
2284,2284,0,1,0,0,"C"
2285,2285,0,0,0,0,"C"
2286,2286,0,1,0,0,"C"
2287,2287,0,0,0,0,"C"
2288,2288,0,1,0,0,"C"
2289,2289,0,0,0,0,"C"
2290,2290,0,1,0,0,"C"
2291,2291,0,0,0,0,"C"
2292,2292,0,1,0,0,"C"
2293,2293,0,0,0,0,"C"
2294,2294,0,1,0,0,"C"
2295,2295,0,0,0,0,"C"
2296,2296,0,1,0,0,"C"
2297,2297,0,0,0,0,"C"
2298,2298,0,1,0,0,"C"
2299,2299,0,0,0,0,"C"
2300,2300,0,1,0,0,"C"
2301,2301,0,0,0,0,"C"
2302,2302,0,1,0,0,"C"
2303,2303,0,0,0,0,"C"
2304,2304,0,1,0,0,"C"
2305,2305,0,0,0,0,"C"
2306,2306,0,1,0,0,"C"
2307,2307,0,0,0,0,"C"
2308,2308,0,1,0,0,"C"
2309,2309,0,0,0,0,"C"
2310,2310,0,1,0,0,"C"
2311,2311,0,0,0,0,"C"
2312,2312,0,1,0,0,"C"
2313,2313,0,0,0,0,"C"
2314,2314,0,1,0,0,"C"
2315,2315,0,0,0,0,"C"
2316,2316,0,1,0,0,"C"
2317,2317,0,0,0,0,"C"
2318,2318,0,1,0,0,"C"
2319,2319,0,0,0,0,"C"
2320,2320,0,1,0,0,"C"
2321,2321,0,0,0,0,"C"
2322,2322,0,1,0,0,"C"
2323,2323,0,0,0,0,"C"
2324,2324,0,1,0,0,"C"
2325,2325,0,0,0,0,"C"
2326,2326,0,1,0,0,"C"
2327,2327,0,0,0,0,"C"
2328,2328,0,1,0,0,"C"
2329,2329,0,0,0,0,"C"
2330,2330,0,1,0,0,"C"
2331,2331,0,0,0,0,"C"
2332,2332,0,1,0,0,"C"
2333,2333,0,0,0,0,"C"
2334,2334,0,1,0,0,"C"
2335,2335,0,0,0,0,"C"
2336,2336,0,1,0,0,"C"
2337,2337,0,0,0,0,"C"
2338,2338,0,1,0,0,"C"
2339,2339,0,0,0,0,"C"
2340,2340,0,1,0,0,"C"
2341,2341,0,0,0,0,"C"
2342,2342,0,1,0,0,"C"
2343,2343,0,0,0,0,"C"
2344,2344,0,1,0,0,"C"
2345,2345,0,0,0,0,"C"
2346,2346,0,1,0,0,"C"
2347,2347,0,0,0,0,"C"
2348,2348,0,1,0,0,"C"
2349,2349,0,0,0,0,"C"
2350,2350,0,1,0,0,"C"
2351,2351,0,0,0,0,"C"
2352,2352,0,1,0,0,"C"
2353,2353,0,0,0,0,"C"
2354,2354,0,1,0,0,"C"
2355,2355,0,0,0,0,"C"
2356,2356,0,1,0,0,"C"
2357,2357,0,0,0,0,"C"
2358,2358,0,1,0,0,"C"
2359,2359,0,0,0,0,"C"
2360,2360,0,1,0,0,"C"
2361,2361,0,0,0,0,"C"
2362,2362,0,1,0,0,"C"
2363,2363,0,0,0,0,"C"
2364,2364,0,1,0,0,"C"
2365,2365,0,0,0,0,"C"
2366,2366,0,1,0,0,"C"
2367,2367,0,0,0,0,"C"
2368,2368,0,1,0,0,"C"
2369,2369,0,0,0,0,"C"
2370,2370,0,1,0,0,"C"
2371,2371,0,0,0,0,"C"
2372,2372,0,1,0,0,"C"
2373,2373,0,0,0,0,"C"
2374,2374,0,1,0,0,"C"
2375,2375,0,0,0,0,"C"
2376,2376,0,1,0,0,"C"
2377,2377,0,0,0,0,"C"
2378,2378,0,1,0,0,"C"
2379,2379,0,0,0,0,"C"
2380,2380,0,1,0,0,"C"
2381,2381,0,0,0,0,"C"
2382,2382,0,1,0,0,"C"
2383,2383,0,0,0,0,"C"
2384,2384,0,1,0,0,"C"
2385,2385,0,0,0,0,"C"
2386,2386,0,1,0,0,"C"
2387,2387,0,0,0,0,"C"
2388,2388,0,1,0,0,"C"
2389,2389,0,0,0,0,"C"
2390,2390,0,1,0,0,"C"
2391,2391,0,0,0,0,"C"
2392,2392,0,1,0,0,"C"
2393,2393,0,0,0,0,"C"
2394,2394,0,1,0,0,"C"
2395,2395,0,0,0,0,"C"
2396,2396,0,1,0,0,"C"
2397,2397,0,0,0,0,"C"
2398,2398,0,1,0,0,"C"
2399,2399,0,0,0,0,"C"
2400,2400,0,1,0,0,"C"
2401,2401,0,0,0,0,"C"
2402,2402,0,1,0,0,"C"
2403,2403,0,0,0,0,"C"
2404,2404,0,1,0,0,"C"
2405,2405,0,0,0,0,"C"
2406,2406,0,1,0,0,"C"
2407,2407,0,0,0,0,"C"
2408,2408,0,1,0,0,"C"
2409,2409,0,0,0,0,"C"
2410,2410,0,1,0,0,"C"
2411,2411,0,0,0,0,"C"
2412,2412,0,1,0,0,"C"
2413,2413,0,0,0,0,"C"
2414,2414,0,1,0,0,"C"
2415,2415,0,0,0,0,"C"
2416,2416,0,1,0,0,"C"
2417,2417,0,0,0,0,"C"
2418,2418,0,1,0,0,"C"
2419,2419,0,0,0,0,"C"
2420,2420,0,1,0,0,"C"
2421,2421,0,0,0,0,"C"
2422,2422,0,1,0,0,"C"
2423,2423,0,0,0,0,"C"
2424,2424,0,1,0,0,"C"
2425,2425,0,0,0,0,"C"
2426,2426,0,1,0,0,"C"
2427,2427,0,0,0,0,"C"
2428,2428,0,1,0,0,"C"
2429,2429,0,0,0,0,"C"
2430,2430,0,1,0,0,"C"
2431,2431,0,0,0,0,"C"
2432,2432,0,1,0,0,"C"
2433,2433,0,0,0,0,"C"
2434,2434,0,1,0,0,"C"
2435,2435,0,0,0,0,"C"
2436,2436,0,1,0,0,"C"
2437,2437,0,0,0,0,"C"
2438,2438,0,1,0,0,"C"
2439,2439,0,0,0,0,"C"
2440,2440,0,1,0,0,"C"
2441,2441,0,0,0,0,"C"
2442,2442,0,1,0,0,"C"
2443,2443,0,0,0,0,"C"
2444,2444,0,1,0,0,"C"
2445,2445,0,0,0,0,"C"
2446,2446,0,1,0,0,"C"
2447,2447,0,0,0,0,"C"
2448,2448,0,1,0,0,"C"
2449,2449,0,0,0,0,"C"
2450,2450,0,1,0,0,"C"
2451,2451,0,0,0,0,"C"
2452,2452,0,1,0,0,"C"
2453,2453,0,0,0,0,"C"
2454,2454,0,1,0,0,"C"
2455,2455,0,0,0,0,"C"
2456,2456,0,1,0,0,"C"
2457,2457,0,0,0,0,"C"
2458,2458,0,1,0,0,"C"
2459,2459,0,0,0,0,"C"
2460,2460,0,1,0,0,"C"
2461,2461,0,0,0,0,"C"
2462,2462,0,1,0,0,"C"
2463,2463,0,0,0,0,"C"
2464,2464,0,1,0,0,"C"
2465,2465,0,0,0,0,"C"
2466,2466,0,1,0,0,"C"
2467,2467,0,0,0,0,"C"
2468,2468,0,1,0,0,"C"
2469,2469,0,0,0,0,"C"
2470,2470,0,1,0,0,"C"
2471,2471,0,0,0,0,"C"
2472,2472,0,1,0,0,"C"
2473,2473,0,0,0,0,"C"
2474,2474,0,1,0,0,"C"
2475,2475,0,0,0,0,"C"
2476,2476,0,1,0,0,"C"
2477,2477,0,0,0,0,"C"
2478,2478,0,1,0,0,"C"
2479,2479,0,0,0,0,"C"
2480,2480,0,1,0,0,"C"
2481,2481,0,0,0,0,"C"
2482,2482,0,1,0,0,"C"
2483,2483,0,0,0,0,"C"
2484,2484,0,1,0,0,"C"
2485,2485,0,0,0,0,"C"
2486,2486,0,1,0,0,"C"
2487,2487,0,0,0,0,"C"
2488,2488,0,1,0,0,"C"
2489,2489,0,0,0,0,"C"
2490,2490,0,1,0,0,"C"
2491,2491,0,0,0,0,"C"
2492,2492,0,1,0,0,"C"
2493,2493,0,0,0,0,"C"
2494,2494,0,1,0,0,"C"
2495,2495,0,0,0,0,"C"
2496,2496,0,1,0,0,"C"
2497,2497,0,0,0,0,"C"
2498,2498,0,1,0,0,"C"
2499,2499,0,0,0,0,"C"
2500,2500,0,1,0,0,"C"
2501,2501,0,0,0,0,"C"
2502,2502,0,1,0,0,"C"
2503,2503,0,0,0,0,"C"
2504,2504,0,1,0,0,"C"
2505,2505,0,0,0,0,"C"
2506,2506,0,1,0,0,"C"
2507,2507,0,0,0,0,"C"
2508,2508,0,1,0,0,"C"
2509,2509,0,0,0,0,"C"
2510,2510,0,1,0,0,"C"
2511,2511,0,0,0,0,"C"
2512,2512,0,1,0,0,"C"
2513,2513,0,0,0,0,"C"
2514,2514,0,1,0,0,"C"
2515,2515,0,0,0,0,"C"
2516,2516,0,1,0,0,"C"
2517,2517,0,0,0,0,"C"
2518,2518,0,1,0,0,"C"
2519,2519,0,0,0,0,"C"
2520,2520,0,1,0,0,"C"
2521,2521,0,0,0,0,"C"
2522,2522,0,1,0,0,"C"
2523,2523,0,0,0,0,"C"
2524,2524,0,1,0,0,"C"
2525,2525,0,0,0,0,"C"
2526,2526,0,1,0,0,"C"
2527,2527,0,0,0,0,"C"
2528,2528,0,1,0,0,"C"
2529,2529,0,0,0,0,"C"
2530,2530,0,1,0,0,"C"
2531,2531,0,0,0,0,"C"
2532,2532,0,1,0,0,"C"
2533,2533,0,0,0,0,"C"
2534,2534,0,1,0,0,"C"
2535,2535,0,0,0,0,"C"
2536,2536,0,1,0,0,"C"
2537,2537,0,0,0,0,"C"
2538,2538,0,1,0,0,"C"
2539,2539,0,0,0,0,"C"
2540,2540,0,1,0,0,"C"
2541,2541,0,0,0,0,"C"
2542,2542,0,1,0,0,"C"
2543,2543,0,0,0,0,"C"
2544,2544,0,1,0,0,"C"
2545,2545,0,0,0,0,"C"
2546,2546,0,1,0,0,"C"
2547,2547,0,0,0,0,"C"
2548,2548,0,1,0,0,"C"
2549,2549,0,0,0,0,"C"
2550,2550,0,1,0,0,"C"
2551,2551,0,0,0,0,"C"
2552,2552,0,1,0,0,"C"
2553,2553,0,0,0,0,"C"
2554,2554,0,1,0,0,"C"
2555,2555,0,0,0,0,"C"
2556,2556,0,1,0,0,"C"
2557,2557,0,0,0,0,"C"
2558,2558,0,1,0,0,"C"
2559,2559,0,0,0,0,"C"
2560,2560,0,1,0,0,"C"
2561,2561,0,0,0,0,"C"
2562,2562,0,1,0,0,"C"
2563,2563,0,0,0,0,"C"
2564,2564,0,1,0,0,"C"
2565,2565,0,0,0,0,"C"
2566,2566,0,1,0,0,"C"
2567,2567,0,0,0,0,"C"
2568,2568,0,1,0,0,"C"
2569,2569,0,0,0,0,"C"
2570,2570,0,1,0,0,"C"
2571,2571,0,0,0,0,"C"
2572,2572,0,1,0,0,"C"
2573,2573,0,0,0,0,"C"
2574,2574,0,1,0,0,"C"
2575,2575,0,0,0,0,"C"
2576,2576,0,1,0,0,"C"
2577,2577,0,0,0,0,"C"
2578,2578,0,1,0,0,"C"
2579,2579,0,0,0,0,"C"
2580,2580,0,1,0,0,"C"
2581,2581,0,0,0,0,"C"
2582,2582,0,1,0,0,"C"
2583,2583,0,0,0,0,"C"
2584,2584,0,1,0,0,"C"
2585,2585,0,0,0,0,"C"
2586,2586,0,1,0,0,"C"
2587,2587,0,0,0,0,"C"
2588,2588,0,1,0,0,"C"
2589,2589,0,0,0,0,"C"
2590,2590,0,1,0,0,"C"
2591,2591,0,0,0,0,"C"
2592,2592,0,1,0,0,"C"
2593,2593,0,0,0,0,"C"
2594,2594,0,1,0,0,"C"
2595,2595,0,0,0,0,"C"
2596,2596,0,1,0,0,"C"
2597,2597,0,0,0,0,"C"
2598,2598,0,1,0,0,"C"
2599,2599,0,0,0,0,"C"
2600,2600,0,1,0,0,"C"
2601,2601,0,0,0,0,"C"
2602,2602,0,1,0,0,"C"
2603,2603,0,0,0,0,"C"
2604,2604,0,1,0,0,"C"
2605,2605,0,0,0,0,"C"
2606,2606,0,1,0,0,"C"
2607,2607,0,0,0,0,"C"
2608,2608,0,1,0,0,"C"
2609,2609,0,0,0,0,"C"
2610,2610,0,1,0,0,"C"
2611,2611,0,0,0,0,"C"
2612,2612,0,1,0,0,"C"
2613,2613,0,0,0,0,"C"
2614,2614,0,1,0,0,"C"
2615,2615,0,0,0,0,"C"
2616,2616,0,1,0,0,"C"
2617,2617,0,0,0,0,"C"
2618,2618,0,1,0,0,"C"
2619,2619,0,0,0,0,"C"
2620,2620,0,1,0,0,"C"
2621,2621,0,0,0,0,"C"
2622,2622,0,1,0,0,"C"
2623,2623,0,0,0,0,"C"
2624,2624,0,1,0,0,"C"
2625,2625,0,0,0,0,"C"
2626,2626,0,1,0,0,"C"
2627,2627,0,0,0,0,"C"
2628,2628,0,1,0,0,"C"
2629,2629,0,0,0,0,"C"
2630,2630,0,1,0,0,"C"
2631,2631,0,0,0,0,"C"
2632,2632,0,1,0,0,"C"
2633,2633,0,0,0,0,"C"
2634,2634,0,1,0,0,"C"
2635,2635,0,0,0,0,"C"
2636,2636,0,1,0,0,"C"
2637,2637,0,0,0,0,"C"
2638,2638,0,1,0,0,"C"
2639,2639,0,0,0,0,"C"
2640,2640,0,1,0,0,"C"
2641,2641,0,0,0,0,"C"
2642,2642,0,1,0,0,"C"
2643,2643,0,0,0,0,"C"
2644,2644,0,1,0,0,"C"
2645,2645,0,0,0,0,"C"
2646,2646,0,1,0,0,"C"
2647,2647,0,0,0,0,"C"
2648,2648,0,1,0,0,"C"
2649,2649,0,0,0,0,"C"
2650,2650,0,1,0,0,"C"
2651,2651,0,0,0,0,"C"
2652,2652,0,1,0,0,"C"
2653,2653,0,0,0,0,"C"
2654,2654,0,1,0,0,"C"
2655,2655,0,0,0,0,"C"
2656,2656,0,1,0,0,"C"
2657,2657,0,0,0,0,"C"
2658,2658,0,1,0,0,"C"
2659,2659,0,0,0,0,"C"
2660,2660,0,1,0,0,"C"
2661,2661,0,0,0,0,"C"
2662,2662,0,1,0,0,"C"
2663,2663,0,0,0,0,"C"
2664,2664,0,1,0,0,"C"
2665,2665,0,0,0,0,"C"
2666,2666,0,1,0,0,"C"
2667,2667,0,0,0,0,"C"
2668,2668,0,1,0,0,"C"
2669,2669,0,0,0,0,"C"
2670,2670,0,1,0,0,"C"
2671,2671,0,0,0,0,"C"
2672,2672,0,1,0,0,"C"
2673,2673,0,0,0,0,"C"
2674,2674,0,1,0,0,"C"
2675,2675,0,0,0,0,"C"
2676,2676,0,1,0,0,"C"
2677,2677,0,0,0,0,"C"
2678,2678,0,1,0,0,"C"
2679,2679,0,0,0,0,"C"
2680,2680,0,1,0,0,"C"
2681,2681,0,0,0,0,"C"
2682,2682,0,1,0,0,"C"
2683,2683,0,0,0,0,"C"
2684,2684,0,1,0,0,"C"
2685,2685,0,0,0,0,"C"
2686,2686,0,1,0,0,"C"
2687,2687,0,0,0,0,"C"
2688,2688,0,1,0,0,"C"
2689,2689,0,0,0,0,"C"
2690,2690,0,1,0,0,"C"
2691,2691,0,0,0,0,"C"
2692,2692,0,1,0,0,"C"
2693,2693,0,0,0,0,"C"
2694,2694,0,1,0,0,"C"
2695,2695,0,0,0,0,"C"
2696,2696,0,1,0,0,"C"
2697,2697,0,0,0,0,"C"
2698,2698,0,1,0,0,"C"
2699,2699,0,0,0,0,"C"
2700,2700,0,1,0,0,"C"
2701,2701,0,0,0,0,"C"
2702,2702,0,1,0,0,"C"
2703,2703,0,0,0,0,"C"
2704,2704,0,1,0,0,"C"
2705,2705,0,0,0,0,"C"
2706,2706,0,1,0,0,"C"
2707,2707,0,0,0,0,"C"
2708,2708,0,1,0,0,"C"
2709,2709,0,0,0,0,"C"
2710,2710,0,1,0,0,"C"
2711,2711,0,0,0,0,"C"
2712,2712,0,1,0,0,"C"
2713,2713,0,0,0,0,"C"
2714,2714,0,1,0,0,"C"
2715,2715,0,0,0,0,"C"
2716,2716,0,1,0,0,"C"
2717,2717,0,0,0,0,"C"
2718,2718,0,1,0,0,"C"
2719,2719,0,0,0,0,"C"
2720,2720,0,1,0,0,"C"
2721,2721,0,0,0,0,"C"
2722,2722,0,1,0,0,"C"
2723,2723,0,0,0,0,"C"
2724,2724,0,1,0,0,"C"
2725,2725,0,0,0,0,"C"
2726,2726,0,1,0,0,"C"
2727,2727,0,0,0,0,"C"
2728,2728,0,1,0,0,"C"
2729,2729,0,0,0,0,"C"
2730,2730,0,1,0,0,"C"
2731,2731,0,0,0,0,"C"
2732,2732,0,1,0,0,"C"
2733,2733,0,0,0,0,"C"
2734,2734,0,1,0,0,"C"
2735,2735,0,0,0,0,"C"
2736,2736,0,1,0,0,"C"
2737,2737,0,0,0,0,"C"
2738,2738,0,1,0,0,"C"
2739,2739,0,0,0,0,"C"
2740,2740,0,1,0,0,"C"
2741,2741,0,0,0,0,"C"
2742,2742,0,1,0,0,"C"
2743,2743,0,0,0,0,"C"
2744,2744,0,1,0,0,"C"
2745,2745,0,0,0,0,"C"
2746,2746,0,1,0,0,"C"
2747,2747,0,0,0,0,"C"
2748,2748,0,1,0,0,"C"
2749,2749,0,0,0,0,"C"
2750,2750,0,1,0,0,"C"
2751,2751,0,0,0,0,"C"
2752,2752,0,1,0,0,"C"
2753,2753,0,0,0,0,"C"
2754,2754,0,1,0,0,"C"
2755,2755,0,0,0,0,"C"
2756,2756,0,1,0,0,"C"
2757,2757,0,0,0,0,"C"
2758,2758,0,1,0,0,"C"
2759,2759,0,0,0,0,"C"
2760,2760,0,1,0,0,"C"
2761,2761,0,0,0,0,"C"
2762,2762,0,1,0,0,"C"
2763,2763,0,0,0,0,"C"
2764,2764,0,1,0,0,"C"
2765,2765,0,0,0,0,"C"
2766,2766,0,1,0,0,"C"
2767,2767,0,0,0,0,"C"
2768,2768,0,1,0,0,"C"
2769,2769,0,0,0,0,"C"
2770,2770,0,1,0,0,"C"
2771,2771,0,0,0,0,"C"
2772,2772,0,1,0,0,"C"
2773,2773,0,0,0,0,"C"
2774,2774,0,1,0,0,"C"
2775,2775,0,0,0,0,"C"
2776,2776,0,1,0,0,"C"
2777,2777,0,0,0,0,"C"
2778,2778,0,1,0,0,"C"
2779,2779,0,0,0,0,"C"
2780,2780,0,1,0,0,"C"
2781,2781,0,0,0,0,"C"
2782,2782,0,1,0,0,"C"
2783,2783,0,0,0,0,"C"
2784,2784,0,1,0,0,"C"
2785,2785,0,0,0,0,"C"
2786,2786,0,1,0,0,"C"
2787,2787,0,0,0,0,"C"
2788,2788,0,1,0,0,"C"
2789,2789,0,0,0,0,"C"
2790,2790,0,1,0,0,"C"
2791,2791,0,0,0,0,"C"
2792,2792,0,1,0,0,"C"
2793,2793,0,0,0,0,"C"
2794,2794,0,1,0,0,"C"
2795,2795,0,0,0,0,"C"
2796,2796,0,1,0,0,"C"
2797,2797,0,0,0,0,"C"
2798,2798,0,1,0,0,"C"
2799,2799,0,0,0,0,"C"
2800,2800,0,1,0,0,"C"
2801,2801,0,0,0,0,"C"
2802,2802,0,1,0,0,"C"
2803,2803,0,0,0,0,"C"
2804,2804,0,1,0,0,"C"
2805,2805,0,0,0,0,"C"
2806,2806,0,1,0,0,"C"
2807,2807,0,0,0,0,"C"
2808,2808,0,1,0,0,"C"
2809,2809,0,0,0,0,"C"
2810,2810,0,1,0,0,"C"
2811,2811,0,0,0,0,"C"
2812,2812,0,1,0,0,"C"
2813,2813,0,0,0,0,"C"
2814,2814,0,1,0,0,"C"
2815,2815,0,0,0,0,"C"
2816,2816,0,1,0,0,"C"
2817,2817,0,0,0,0,"C"
2818,2818,0,1,0,0,"C"
2819,2819,0,0,0,0,"C"
2820,2820,0,1,0,0,"C"
2821,2821,0,0,0,0,"C"
2822,2822,0,1,0,0,"C"
2823,2823,0,0,0,0,"C"
2824,2824,0,1,0,0,"C"
2825,2825,0,0,0,0,"C"
2826,2826,0,1,0,0,"C"
2827,2827,0,0,0,0,"C"
2828,2828,0,1,0,0,"C"
2829,2829,0,0,0,0,"C"
2830,2830,0,1,0,0,"C"
2831,2831,0,0,0,0,"C"
2832,2832,0,1,0,0,"C"
2833,2833,0,0,0,0,"C"
2834,2834,0,1,0,0,"C"
2835,2835,0,0,0,0,"C"
2836,2836,0,1,0,0,"C"
2837,2837,0,0,0,0,"C"
2838,2838,0,1,0,0,"C"
2839,2839,0,0,0,0,"C"
2840,2840,0,1,0,0,"C"
2841,2841,0,0,0,0,"C"
2842,2842,0,1,0,0,"C"
2843,2843,0,0,0,0,"C"
2844,2844,0,1,0,0,"C"
2845,2845,0,0,0,0,"C"
2846,2846,0,1,0,0,"C"
2847,2847,0,0,0,0,"C"
2848,2848,0,1,0,0,"C"
2849,2849,0,0,0,0,"C"
2850,2850,0,1,0,0,"C"
2851,2851,0,0,0,0,"C"
2852,2852,0,1,0,0,"C"
2853,2853,0,0,0,0,"C"
2854,2854,0,1,0,0,"C"
2855,2855,0,0,0,0,"C"
2856,2856,0,1,0,0,"C"
2857,2857,0,0,0,0,"C"
2858,2858,0,1,0,0,"C"
2859,2859,0,0,0,0,"C"
2860,2860,0,1,0,0,"C"
2861,2861,0,0,0,0,"C"
2862,2862,0,1,0,0,"C"
2863,2863,0,0,0,0,"C"
2864,2864,0,1,0,0,"C"
2865,2865,0,0,0,0,"C"
2866,2866,0,1,0,0,"C"
2867,2867,0,0,0,0,"C"
2868,2868,0,1,0,0,"C"
2869,2869,0,0,0,0,"C"
2870,2870,0,1,0,0,"C"
2871,2871,0,0,0,0,"C"
2872,2872,0,1,0,0,"C"
2873,2873,0,0,0,0,"C"
2874,2874,0,1,0,0,"C"
2875,2875,0,0,0,0,"C"
2876,2876,0,1,0,0,"C"
2877,2877,0,0,0,0,"C"
2878,2878,0,1,0,0,"C"
2879,2879,0,0,0,0,"C"
2880,2880,0,1,0,0,"C"
2881,2881,0,0,0,0,"C"
2882,2882,0,1,0,0,"C"
2883,2883,0,0,0,0,"C"
2884,2884,0,1,0,0,"C"
2885,2885,0,0,0,0,"C"
2886,2886,0,1,0,0,"C"
2887,2887,0,0,0,0,"C"
2888,2888,0,1,0,0,"C"
2889,2889,0,0,0,0,"C"
2890,2890,0,1,0,0,"C"
2891,2891,0,0,0,0,"C"
2892,2892,0,1,0,0,"C"
2893,2893,0,0,0,0,"C"
2894,2894,0,1,0,0,"C"
2895,2895,0,0,0,0,"C"
2896,2896,0,1,0,0,"C"
2897,2897,0,0,0,0,"C"
2898,2898,0,1,0,0,"C"
2899,2899,0,0,0,0,"C"
2900,2900,0,1,0,0,"C"
2901,2901,0,0,0,0,"C"
2902,2902,0,1,0,0,"C"
2903,2903,0,0,0,0,"C"
2904,2904,0,1,0,0,"C"
2905,2905,0,0,0,0,"C"
2906,2906,0,1,0,0,"C"
2907,2907,0,0,0,0,"C"
2908,2908,0,1,0,0,"C"
2909,2909,0,0,0,0,"C"
2910,2910,0,1,0,0,"C"
2911,2911,0,0,0,0,"C"
2912,2912,0,1,0,0,"C"
2913,2913,0,0,0,0,"C"
2914,2914,0,1,0,0,"C"
2915,2915,0,0,0,0,"C"
2916,2916,0,1,0,0,"C"
2917,2917,0,0,0,0,"C"
2918,2918,0,1,0,0,"C"
2919,2919,0,0,0,0,"C"
2920,2920,0,1,0,0,"C"
2921,2921,0,0,0,0,"C"
2922,2922,0,1,0,0,"C"
2923,2923,0,0,0,0,"C"
2924,2924,0,1,0,0,"C"
2925,2925,0,0,0,0,"C"
2926,2926,0,1,0,0,"C"
2927,2927,0,0,0,0,"C"
2928,2928,0,1,0,0,"C"
2929,2929,0,0,0,0,"C"
2930,2930,0,1,0,0,"C"
2931,2931,0,0,0,0,"C"
2932,2932,0,1,0,0,"C"
2933,2933,0,0,0,0,"C"
2934,2934,0,1,0,0,"C"
2935,2935,0,0,0,0,"C"
2936,2936,0,1,0,0,"C"
2937,2937,0,0,0,0,"C"
2938,2938,0,1,0,0,"C"
2939,2939,0,0,0,0,"C"
2940,2940,0,1,0,0,"C"
2941,2941,0,0,0,0,"C"
2942,2942,0,1,0,0,"C"
2943,2943,0,0,0,0,"C"
2944,2944,0,1,0,0,"C"
2945,2945,0,0,0,0,"C"
2946,2946,0,1,0,0,"C"
2947,2947,0,0,0,0,"C"
2948,2948,0,1,0,0,"C"
2949,2949,0,0,0,0,"C"
2950,2950,0,1,0,0,"C"
2951,2951,0,0,0,0,"C"
2952,2952,0,1,0,0,"C"
2953,2953,0,0,0,0,"C"
2954,2954,0,1,0,0,"C"
2955,2955,0,0,0,0,"C"
2956,2956,0,1,0,0,"C"
2957,2957,0,0,0,0,"C"
2958,2958,0,1,0,0,"C"
2959,2959,0,0,0,0,"C"
2960,2960,0,1,0,0,"C"
2961,2961,0,0,0,0,"C"
2962,2962,0,1,0,0,"C"
2963,2963,0,0,0,0,"C"
2964,2964,0,1,0,0,"C"
2965,2965,0,0,0,0,"C"
2966,2966,0,1,0,0,"C"
2967,2967,0,0,0,0,"C"
2968,2968,0,1,0,0,"C"
2969,2969,0,0,0,0,"C"
2970,2970,0,1,0,0,"C"
2971,2971,0,0,0,0,"C"
2972,2972,0,1,0,0,"C"
2973,2973,0,0,0,0,"C"
2974,2974,0,1,0,0,"C"
2975,2975,0,0,0,0,"C"
2976,2976,0,1,0,0,"C"
2977,2977,0,0,0,0,"C"
2978,2978,0,1,0,0,"C"
2979,2979,0,0,0,0,"C"
2980,2980,0,1,0,0,"C"
2981,2981,0,0,0,0,"C"
2982,2982,0,1,0,0,"C"
2983,2983,0,0,0,0,"C"
2984,2984,0,1,0,0,"C"
2985,2985,0,0,0,0,"C"
2986,2986,0,1,0,0,"C"
2987,2987,0,0,0,0,"C"
2988,2988,0,1,0,0,"C"
2989,2989,0,0,0,0,"C"
2990,2990,0,1,0,0,"C"
2991,2991,0,0,0,0,"C"
2992,2992,0,1,0,0,"C"
2993,2993,0,0,0,0,"C"
2994,2994,0,1,0,0,"C"
2995,2995,0,0,0,0,"C"
2996,2996,0,1,0,0,"C"
2997,2997,0,0,0,0,"C"
2998,2998,0,1,0,0,"C"
2999,2999,0,0,0,0,"C"
3000,3000,0,1,0,0,"C"
3001,3001,0,0,0,0,"C"
3002,3002,0,1,0,0,"C"
3003,3003,0,0,0,0,"C"
3004,3004,0,1,0,0,"C"
3005,3005,0,0,0,0,"C"
3006,3006,0,1,0,0,"C"
3007,3007,0,0,0,0,"C"
3008,3008,0,1,0,0,"C"
3009,3009,0,0,0,0,"C"
3010,3010,0,1,0,0,"C"
3011,3011,0,0,0,0,"C"
3012,3012,0,1,0,0,"C"
3013,3013,0,0,0,0,"C"
3014,3014,0,1,0,0,"C"
3015,3015,0,0,0,0,"C"
3016,3016,0,1,0,0,"C"
3017,3017,0,0,0,0,"C"
3018,3018,0,1,0,0,"C"
3019,3019,0,0,0,0,"C"
3020,3020,0,1,0,0,"C"
3021,3021,0,0,0,0,"C"
3022,3022,0,1,0,0,"C"
3023,3023,0,0,0,0,"C"
3024,3024,0,1,0,0,"C"
3025,3025,0,0,0,0,"C"
3026,3026,0,1,0,0,"C"
3027,3027,0,0,0,0,"C"
3028,3028,0,1,0,0,"C"
3029,3029,0,0,0,0,"C"
3030,3030,0,1,0,0,"C"
3031,3031,0,0,0,0,"C"
3032,3032,0,1,0,0,"C"
3033,3033,0,0,0,0,"C"
3034,3034,0,1,0,0,"C"
3035,3035,0,0,0,0,"C"
3036,3036,0,1,0,0,"C"
3037,3037,0,0,0,0,"C"
3038,3038,0,1,0,0,"C"
3039,3039,0,0,0,0,"C"
3040,3040,0,1,0,0,"C"
3041,3041,0,0,0,0,"C"
3042,3042,0,1,0,0,"C"
3043,3043,0,0,0,0,"C"
3044,3044,0,1,0,0,"C"
3045,3045,0,0,0,0,"C"
3046,3046,0,1,0,0,"C"
3047,3047,0,0,0,0,"C"
3048,3048,0,1,0,0,"C"
3049,3049,0,0,0,0,"C"
3050,3050,0,1,0,0,"C"
3051,3051,0,0,0,0,"C"
3052,3052,0,1,0,0,"C"
3053,3053,0,0,0,0,"C"
3054,3054,0,1,0,0,"C"
3055,3055,0,0,0,0,"C"
3056,3056,0,1,0,0,"C"
3057,3057,0,0,0,0,"C"
3058,3058,0,1,0,0,"C"
3059,3059,0,0,0,0,"C"
3060,3060,0,1,0,0,"C"
3061,3061,0,0,0,0,"C"
3062,3062,0,1,0,0,"C"
3063,3063,0,0,0,0,"C"
3064,3064,0,1,0,0,"C"
3065,3065,0,0,0,0,"C"
3066,3066,0,1,0,0,"C"
3067,3067,0,0,0,0,"C"
3068,3068,0,1,0,0,"C"
3069,3069,0,0,0,0,"C"
3070,3070,0,1,0,0,"C"
3071,3071,0,0,0,0,"C"
3072,3072,0,1,0,0,"C"
3073,3073,0,0,0,0,"C"
3074,3074,0,1,0,0,"C"
3075,3075,0,0,0,0,"C"
3076,3076,0,1,0,0,"C"
3077,3077,0,0,0,0,"C"
3078,3078,0,1,0,0,"C"
3079,3079,0,0,0,0,"C"
3080,3080,0,1,0,0,"C"
3081,3081,0,0,0,0,"C"
3082,3082,0,1,0,0,"C"
3083,3083,0,0,0,0,"C"
3084,3084,0,1,0,0,"C"
3085,3085,0,0,0,0,"C"
3086,3086,0,1,0,0,"C"
3087,3087,0,0,0,0,"C"
3088,3088,0,1,0,0,"C"
3089,3089,0,0,0,0,"C"
3090,3090,0,1,0,0,"C"
3091,3091,0,0,0,0,"C"
3092,3092,0,1,0,0,"C"
3093,3093,0,0,0,0,"C"
3094,3094,0,1,0,0,"C"
3095,3095,0,0,0,0,"C"
3096,3096,0,1,0,0,"C"
3097,3097,0,0,0,0,"C"
3098,3098,0,1,0,0,"C"
3099,3099,0,0,0,0,"C"
3100,3100,0,1,0,0,"C"
3101,3101,0,0,0,0,"C"
3102,3102,0,1,0,0,"C"
3103,3103,0,0,0,0,"C"
3104,3104,0,1,0,0,"C"
3105,3105,0,0,0,0,"C"
3106,3106,0,1,0,0,"C"
3107,3107,0,0,0,0,"C"
3108,3108,0,1,0,0,"C"
3109,3109,0,0,0,0,"C"
3110,3110,0,1,0,0,"C"
3111,3111,0,0,0,0,"C"
3112,3112,0,1,0,0,"C"
3113,3113,0,0,0,0,"C"
3114,3114,0,1,0,0,"C"
3115,3115,0,0,0,0,"C"
3116,3116,0,1,0,0,"C"
3117,3117,0,0,0,0,"C"
3118,3118,0,1,0,0,"C"
3119,3119,0,0,0,0,"C"
3120,3120,0,1,0,0,"C"
3121,3121,0,0,0,0,"C"
3122,3122,0,1,0,0,"C"
3123,3123,0,0,0,0,"C"
3124,3124,0,1,0,0,"C"
3125,3125,0,0,0,0,"C"
3126,3126,0,1,0,0,"C"
3127,3127,0,0,0,0,"C"
3128,3128,0,1,0,0,"C"
3129,3129,0,0,0,0,"C"
3130,3130,0,1,0,0,"C"
3131,3131,0,0,0,0,"C"
3132,3132,0,1,0,0,"C"
3133,3133,0,0,0,0,"C"
3134,3134,0,1,0,0,"C"
3135,3135,0,0,0,0,"C"
3136,3136,0,1,0,0,"C"
3137,3137,0,0,0,0,"C"
3138,3138,0,1,0,0,"C"
3139,3139,0,0,0,0,"C"
3140,3140,0,1,0,0,"C"
3141,3141,0,0,0,0,"C"
3142,3142,0,1,0,0,"C"
3143,3143,0,0,0,0,"C"
3144,3144,0,1,0,0,"C"
3145,3145,0,0,0,0,"C"
3146,3146,0,1,0,0,"C"
3147,3147,0,0,0,0,"C"
3148,3148,0,1,0,0,"C"
3149,3149,0,0,0,0,"C"
3150,3150,0,1,0,0,"C"
3151,3151,0,0,0,0,"C"
3152,3152,0,1,0,0,"C"
3153,3153,0,0,0,0,"C"
3154,3154,0,1,0,0,"C"
3155,3155,0,0,0,0,"C"
3156,3156,0,1,0,0,"C"
3157,3157,0,0,0,0,"C"
3158,3158,0,1,0,0,"C"
3159,3159,0,0,0,0,"C"
3160,3160,0,1,0,0,"C"
3161,3161,0,0,0,0,"C"
3162,3162,0,1,0,0,"C"
3163,3163,0,0,0,0,"C"
3164,3164,0,1,0,0,"C"
3165,3165,0,0,0,0,"C"
3166,3166,0,1,0,0,"C"
3167,3167,0,0,0,0,"C"
3168,3168,0,1,0,0,"C"
3169,3169,0,0,0,0,"C"
3170,3170,0,1,0,0,"C"
3171,3171,0,0,0,0,"C"
3172,3172,0,1,0,0,"C"
3173,3173,0,0,0,0,"C"
3174,3174,0,1,0,0,"C"
3175,3175,0,0,0,0,"C"
3176,3176,0,1,0,0,"C"
3177,3177,0,0,0,0,"C"
3178,3178,0,1,0,0,"C"
3179,3179,0,0,0,0,"C"
3180,3180,0,1,0,0,"C"
3181,3181,0,0,0,0,"C"
3182,3182,0,1,0,0,"C"
3183,3183,0,0,0,0,"C"
3184,3184,0,1,0,0,"C"
3185,3185,0,0,0,0,"C"
3186,3186,0,1,0,0,"C"
3187,3187,0,0,0,0,"C"
3188,3188,0,1,0,0,"C"
3189,3189,0,0,0,0,"C"
3190,3190,0,1,0,0,"C"
3191,3191,0,0,0,0,"C"
3192,3192,0,1,0,0,"C"
3193,3193,0,0,0,0,"C"
3194,3194,0,1,0,0,"C"
3195,3195,0,0,0,0,"C"
3196,3196,0,1,0,0,"C"
3197,3197,0,0,0,0,"C"
3198,3198,0,1,0,0,"C"
3199,3199,0,0,0,0,"C"
3200,3200,0,1,0,0,"C"
3201,3201,0,0,0,0,"C"
3202,3202,0,1,0,0,"C"
3203,3203,0,0,0,0,"C"
3204,3204,0,1,0,0,"C"
3205,3205,0,0,0,0,"C"
3206,3206,0,1,0,0,"C"
3207,3207,0,0,0,0,"C"
3208,3208,0,1,0,0,"C"
3209,3209,0,0,0,0,"C"
3210,3210,0,1,0,0,"C"
3211,3211,0,0,0,0,"C"
3212,3212,0,1,0,0,"C"
3213,3213,0,0,0,0,"C"
3214,3214,0,1,0,0,"C"
3215,3215,0,0,0,0,"C"
3216,3216,0,1,0,0,"C"
3217,3217,0,0,0,0,"C"
3218,3218,0,1,0,0,"C"
3219,3219,0,0,0,0,"C"
3220,3220,0,1,0,0,"C"
3221,3221,0,0,0,0,"C"
3222,3222,0,1,0,0,"C"
3223,3223,0,0,0,0,"C"
3224,3224,0,1,0,0,"C"
3225,3225,0,0,0,0,"C"
3226,3226,0,1,0,0,"C"
3227,3227,0,0,0,0,"C"
3228,3228,0,1,0,0,"C"
3229,3229,0,0,0,0,"C"
3230,3230,0,1,0,0,"C"
3231,3231,0,0,0,0,"C"
3232,3232,0,1,0,0,"C"
3233,3233,0,0,0,0,"C"
3234,3234,0,1,0,0,"C"
3235,3235,0,0,0,0,"C"
3236,3236,0,1,0,0,"C"
3237,3237,0,0,0,0,"C"
3238,3238,0,1,0,0,"C"
3239,3239,0,0,0,0,"C"
3240,3240,0,1,0,0,"C"
3241,3241,0,0,0,0,"C"
3242,3242,0,1,0,0,"C"
3243,3243,0,0,0,0,"C"
3244,3244,0,1,0,0,"C"
3245,3245,0,0,0,0,"C"
3246,3246,0,1,0,0,"C"
3247,3247,0,0,0,0,"C"
3248,3248,0,1,0,0,"C"
3249,3249,0,0,0,0,"C"
3250,3250,0,1,0,0,"C"
3251,3251,0,0,0,0,"C"
3252,3252,0,1,0,0,"C"
3253,3253,0,0,0,0,"C"
3254,3254,0,1,0,0,"C"
3255,3255,0,0,0,0,"C"
3256,3256,0,1,0,0,"C"
3257,3257,0,0,0,0,"C"
3258,3258,0,1,0,0,"C"
3259,3259,0,0,0,0,"C"
3260,3260,0,1,0,0,"C"
3261,3261,0,0,0,0,"C"
3262,3262,0,1,0,0,"C"
3263,3263,0,0,0,0,"C"
3264,3264,0,1,0,0,"C"
3265,3265,0,0,0,0,"C"
3266,3266,0,1,0,0,"C"
3267,3267,0,0,0,0,"C"
3268,3268,0,1,0,0,"C"
3269,3269,0,0,0,0,"C"
3270,3270,0,1,0,0,"C"
3271,3271,0,0,0,0,"C"
3272,3272,0,1,0,0,"C"
3273,3273,0,0,0,0,"C"
3274,3274,0,1,0,0,"C"
3275,3275,0,0,0,0,"C"
3276,3276,0,1,0,0,"C"
3277,3277,0,0,0,0,"C"
3278,3278,0,1,0,0,"C"
3279,3279,0,0,0,0,"C"
3280,3280,0,1,0,0,"C"
3281,3281,0,0,0,0,"C"
3282,3282,0,1,0,0,"C"
3283,3283,0,0,0,0,"C"
3284,3284,0,1,0,0,"C"
3285,3285,0,0,0,0,"C"
3286,3286,0,1,0,0,"C"
3287,3287,0,0,0,0,"C"
3288,3288,0,1,0,0,"C"
3289,3289,0,0,0,0,"C"
3290,3290,0,1,0,0,"C"
3291,3291,0,0,0,0,"C"
3292,3292,0,1,0,0,"C"
3293,3293,0,0,0,0,"C"
3294,3294,0,1,0,0,"C"
3295,3295,0,0,0,0,"C"
3296,3296,0,1,0,0,"C"
3297,3297,0,0,0,0,"C"
3298,3298,0,1,0,0,"C"
3299,3299,0,0,0,0,"C"
3300,3300,0,1,0,0,"C"
3301,3301,0,0,0,0,"C"
3302,3302,0,1,0,0,"C"
3303,3303,0,0,0,0,"C"
3304,3304,0,1,0,0,"C"
3305,3305,0,0,0,0,"C"
3306,3306,0,1,0,0,"C"
3307,3307,0,0,0,0,"C"
3308,3308,0,1,0,0,"C"
3309,3309,0,0,0,0,"C"
3310,3310,0,1,0,0,"C"
3311,3311,0,0,0,0,"C"
3312,3312,0,1,0,0,"C"
3313,3313,0,0,0,0,"C"
3314,3314,0,1,0,0,"C"
3315,3315,0,0,0,0,"C"
3316,3316,0,1,0,0,"C"
3317,3317,0,0,0,0,"C"
3318,3318,0,1,0,0,"C"
3319,3319,0,0,0,0,"C"
3320,3320,0,1,0,0,"C"
3321,3321,0,0,0,0,"C"
3322,3322,0,1,0,0,"C"
3323,3323,0,0,0,0,"C"
3324,3324,0,1,0,0,"C"
3325,3325,0,0,0,0,"C"
3326,3326,0,1,0,0,"C"
3327,3327,0,0,0,0,"C"
3328,3328,0,1,0,0,"C"
3329,3329,0,0,0,0,"C"
3330,3330,0,1,0,0,"C"
3331,3331,0,0,0,0,"C"
3332,3332,0,1,0,0,"C"
3333,3333,0,0,0,0,"C"
3334,3334,0,1,0,0,"C"
3335,3335,0,0,0,0,"C"
3336,3336,0,1,0,0,"C"
3337,3337,0,0,0,0,"C"
3338,3338,0,1,0,0,"C"
3339,3339,0,0,0,0,"C"
3340,3340,0,1,0,0,"C"
3341,3341,0,0,0,0,"C"
3342,3342,0,1,0,0,"C"
3343,3343,0,0,0,0,"C"
3344,3344,0,1,0,0,"C"
3345,3345,0,0,0,0,"C"
3346,3346,0,1,0,0,"C"
3347,3347,0,0,0,0,"C"
3348,3348,0,1,0,0,"C"
3349,3349,0,0,0,0,"C"
3350,3350,0,1,0,0,"C"
3351,3351,0,0,0,0,"C"
3352,3352,0,1,0,0,"C"
3353,3353,0,0,0,0,"C"
3354,3354,0,1,0,0,"C"
3355,3355,0,0,0,0,"C"
3356,3356,0,1,0,0,"C"
3357,3357,0,0,0,0,"C"
3358,3358,0,1,0,0,"C"
3359,3359,0,0,0,0,"C"
3360,3360,0,1,0,0,"C"
3361,3361,0,0,0,0,"C"
3362,3362,0,1,0,0,"C"
3363,3363,0,0,0,0,"C"
3364,3364,0,1,0,0,"C"
3365,3365,0,0,0,0,"C"
3366,3366,0,1,0,0,"C"
3367,3367,0,0,0,0,"C"
3368,3368,0,1,0,0,"C"
3369,3369,0,0,0,0,"C"
3370,3370,0,1,0,0,"C"
3371,3371,0,0,0,0,"C"
3372,3372,0,1,0,0,"C"
3373,3373,0,0,0,0,"C"
3374,3374,0,1,0,0,"C"
3375,3375,0,0,0,0,"C"
3376,3376,0,1,0,0,"C"
3377,3377,0,0,0,0,"C"
3378,3378,0,1,0,0,"C"
3379,3379,0,0,0,0,"C"
3380,3380,0,1,0,0,"C"
3381,3381,0,0,0,0,"C"
3382,3382,0,1,0,0,"C"
3383,3383,0,0,0,0,"C"
3384,3384,0,1,0,0,"C"
3385,3385,0,0,0,0,"C"
3386,3386,0,1,0,0,"C"
3387,3387,0,0,0,0,"C"
3388,3388,0,1,0,0,"C"
3389,3389,0,0,0,0,"C"
3390,3390,0,1,0,0,"C"
3391,3391,0,0,0,0,"C"
3392,3392,0,1,0,0,"C"
3393,3393,0,0,0,0,"C"
3394,3394,0,1,0,0,"C"
3395,3395,0,0,0,0,"C"
3396,3396,0,1,0,0,"C"
3397,3397,0,0,0,0,"C"
3398,3398,0,1,0,0,"C"
3399,3399,0,0,0,0,"C"
3400,3400,0,1,0,0,"C"
3401,3401,0,0,0,0,"C"
3402,3402,0,1,0,0,"C"
3403,3403,0,0,0,0,"C"
3404,3404,0,1,0,0,"C"
3405,3405,0,0,0,0,"C"
3406,3406,0,1,0,0,"C"
3407,3407,0,0,0,0,"C"
3408,3408,0,1,0,0,"C"
3409,3409,0,0,0,0,"C"
3410,3410,0,1,0,0,"C"
3411,3411,0,0,0,0,"C"
3412,3412,0,1,0,0,"C"
3413,3413,0,0,0,0,"C"
3414,3414,0,1,0,0,"C"
3415,3415,0,0,0,0,"C"
3416,3416,0,1,0,0,"C"
3417,3417,0,0,0,0,"C"
3418,3418,0,1,0,0,"C"
3419,3419,0,0,0,0,"C"
3420,3420,0,1,0,0,"C"
3421,3421,0,0,0,0,"C"
3422,3422,0,1,0,0,"C"
3423,3423,0,0,0,0,"C"
3424,3424,0,1,0,0,"C"
3425,3425,0,0,0,0,"C"
3426,3426,0,1,0,0,"C"
3427,3427,0,0,0,0,"C"
3428,3428,0,1,0,0,"C"
3429,3429,0,0,0,0,"C"
3430,3430,0,1,0,0,"C"
3431,3431,0,0,0,0,"C"
3432,3432,0,1,0,0,"C"
3433,3433,0,0,0,0,"C"
3434,3434,0,1,0,0,"C"
3435,3435,0,0,0,0,"C"
3436,3436,0,1,0,0,"C"
3437,3437,0,0,0,0,"C"
3438,3438,0,1,0,0,"C"
3439,3439,0,0,0,0,"C"
3440,3440,0,1,0,0,"C"
3441,3441,0,0,0,0,"C"
3442,3442,0,1,0,0,"C"
3443,3443,0,0,0,0,"C"
3444,3444,0,1,0,0,"C"
3445,3445,0,0,0,0,"C"
3446,3446,0,1,0,0,"C"
3447,3447,0,0,0,0,"C"
3448,3448,0,1,0,0,"C"
3449,3449,0,0,0,0,"C"
3450,3450,0,1,0,0,"C"
3451,3451,0,0,0,0,"C"
3452,3452,0,1,0,0,"C"
3453,3453,0,0,0,0,"C"
3454,3454,0,1,0,0,"C"
3455,3455,0,0,0,0,"C"
3456,3456,0,1,0,0,"C"
3457,3457,0,0,0,0,"C"
3458,3458,0,1,0,0,"C"
3459,3459,0,0,0,0,"C"
3460,3460,0,1,0,0,"C"
3461,3461,0,0,0,0,"C"
3462,3462,0,1,0,0,"C"
3463,3463,0,0,0,0,"C"
3464,3464,0,1,0,0,"C"
3465,3465,0,0,0,0,"C"
3466,3466,0,1,0,0,"C"
3467,3467,0,0,0,0,"C"
3468,3468,0,1,0,0,"C"
3469,3469,0,0,0,0,"C"
3470,3470,0,1,0,0,"C"
3471,3471,0,0,0,0,"C"
3472,3472,0,1,0,0,"C"
3473,3473,0,0,0,0,"C"
3474,3474,0,1,0,0,"C"
3475,3475,0,0,0,0,"C"
3476,3476,0,1,0,0,"C"
3477,3477,0,0,0,0,"C"
3478,3478,0,1,0,0,"C"
3479,3479,0,0,0,0,"C"
3480,3480,0,1,0,0,"C"
3481,3481,0,0,0,0,"C"
3482,3482,0,1,0,0,"C"
3483,3483,0,0,0,0,"C"
3484,3484,0,1,0,0,"C"
3485,3485,0,0,0,0,"C"
3486,3486,0,1,0,0,"C"
3487,3487,0,0,0,0,"C"
3488,3488,0,1,0,0,"C"
3489,3489,0,0,0,0,"C"
3490,3490,0,1,0,0,"C"
3491,3491,0,0,0,0,"C"
3492,3492,0,1,0,0,"C"
3493,3493,0,0,0,0,"C"
3494,3494,0,1,0,0,"C"
3495,3495,0,0,0,0,"C"
3496,3496,0,1,0,0,"C"
3497,3497,0,0,0,0,"C"
3498,3498,0,1,0,0,"C"
3499,3499,0,0,0,0,"C"
3500,3500,0,1,0,0,"C"
3501,3501,0,0,0,0,"C"
3502,3502,0,1,0,0,"C"
3503,3503,0,0,0,0,"C"
3504,3504,0,1,0,0,"C"
3505,3505,0,0,0,0,"C"
3506,3506,0,1,0,0,"C"
3507,3507,0,0,0,0,"C"
3508,3508,0,1,0,0,"C"
3509,3509,0,0,0,0,"C"
3510,3510,0,1,0,0,"C"
3511,3511,0,0,0,0,"C"
3512,3512,0,1,0,0,"C"
3513,3513,0,0,0,0,"C"
3514,3514,0,1,0,0,"C"
3515,3515,0,0,0,0,"C"
3516,3516,0,1,0,0,"C"
3517,3517,0,0,0,0,"C"
3518,3518,0,1,0,0,"C"
3519,3519,0,0,0,0,"C"
3520,3520,0,1,0,0,"C"
3521,3521,0,0,0,0,"C"
3522,3522,0,1,0,0,"C"
3523,3523,0,0,0,0,"C"
3524,3524,0,1,0,0,"C"
3525,3525,0,0,0,0,"C"
3526,3526,0,1,0,0,"C"
3527,3527,0,0,0,0,"C"
3528,3528,0,1,0,0,"C"
3529,3529,0,0,0,0,"C"
3530,3530,0,1,0,0,"C"
3531,3531,0,0,0,0,"C"
3532,3532,0,1,0,0,"C"
3533,3533,0,0,0,0,"C"
3534,3534,0,1,0,0,"C"
3535,3535,0,0,0,0,"C"
3536,3536,0,1,0,0,"C"
3537,3537,0,0,0,0,"C"
3538,3538,0,1,0,0,"C"
3539,3539,0,0,0,0,"C"
3540,3540,0,1,0,0,"C"
3541,3541,0,0,0,0,"C"
3542,3542,0,1,0,0,"C"
3543,3543,0,0,0,0,"C"
3544,3544,0,1,0,0,"C"
3545,3545,0,0,0,0,"C"
3546,3546,0,1,0,0,"C"
3547,3547,0,0,0,0,"C"
3548,3548,0,1,0,0,"C"
3549,3549,0,0,0,0,"C"
3550,3550,0,1,0,0,"C"
3551,3551,0,0,0,0,"C"
3552,3552,0,1,0,0,"C"
3553,3553,0,0,0,0,"C"
3554,3554,0,1,0,0,"C"
3555,3555,0,0,0,0,"C"
3556,3556,0,1,0,0,"C"
3557,3557,0,0,0,0,"C"
3558,3558,0,1,0,0,"C"
3559,3559,0,0,0,0,"C"
3560,3560,0,1,0,0,"C"
3561,3561,0,0,0,0,"C"
3562,3562,0,1,0,0,"C"
3563,3563,0,0,0,0,"C"
3564,3564,0,1,0,0,"C"
3565,3565,0,0,0,0,"C"
3566,3566,0,1,0,0,"C"
3567,3567,0,0,0,0,"C"
3568,3568,0,1,0,0,"C"
3569,3569,0,0,0,0,"C"
3570,3570,0,1,0,0,"C"
3571,3571,0,0,0,0,"C"
3572,3572,0,1,0,0,"C"
3573,3573,0,0,0,0,"C"
3574,3574,0,1,0,0,"C"
3575,3575,0,0,0,0,"C"
3576,3576,0,1,0,0,"C"
3577,3577,0,0,0,0,"C"
3578,3578,0,1,0,0,"C"
3579,3579,0,0,0,0,"C"
3580,3580,0,1,0,0,"C"
3581,3581,0,0,0,0,"C"
3582,3582,0,1,0,0,"C"
3583,3583,0,0,0,0,"C"
3584,3584,0,1,0,0,"C"
3585,3585,0,0,0,0,"C"
3586,3586,0,1,0,0,"C"
3587,3587,0,0,0,0,"C"
3588,3588,0,1,0,0,"C"
3589,3589,0,0,0,0,"C"
3590,3590,0,1,0,0,"C"
3591,3591,0,0,0,0,"C"
3592,3592,0,1,0,0,"C"
3593,3593,0,0,0,0,"C"
3594,3594,0,1,0,0,"C"
3595,3595,0,0,0,0,"C"
3596,3596,0,1,0,0,"C"
3597,3597,0,0,0,0,"C"
3598,3598,0,1,0,0,"C"
3599,3599,0,0,0,0,"C"
3600,3600,0,1,0,0,"C"
3601,3601,0,0,0,0,"C"
3602,3602,0,1,0,0,"C"
3603,3603,0,0,0,0,"C"
3604,3604,0,1,0,0,"C"
3605,3605,0,0,0,0,"C"
3606,3606,0,1,0,0,"C"
3607,3607,0,0,0,0,"C"
3608,3608,0,1,0,0,"C"
3609,3609,0,0,0,0,"C"
3610,3610,0,1,0,0,"C"
3611,3611,0,0,0,0,"C"
3612,3612,0,1,0,0,"C"
3613,3613,0,0,0,0,"C"
3614,3614,0,1,0,0,"C"
3615,3615,0,0,0,0,"C"
3616,3616,0,1,0,0,"C"
3617,3617,0,0,0,0,"C"
3618,3618,0,1,0,0,"C"
3619,3619,0,0,0,0,"C"
3620,3620,0,1,0,0,"C"
3621,3621,0,0,0,0,"C"
3622,3622,0,1,0,0,"C"
3623,3623,0,0,0,0,"C"
3624,3624,0,1,0,0,"C"
3625,3625,0,0,0,0,"C"
3626,3626,0,1,0,0,"C"
3627,3627,0,0,0,0,"C"
3628,3628,0,1,0,0,"C"
3629,3629,0,0,0,0,"C"
3630,3630,0,1,0,0,"C"
3631,3631,0,0,0,0,"C"
3632,3632,0,1,0,0,"C"
3633,3633,0,0,0,0,"C"
3634,3634,0,1,0,0,"C"
3635,3635,0,0,0,0,"C"
3636,3636,0,1,0,0,"C"
3637,3637,0,0,0,0,"C"
3638,3638,0,1,0,0,"C"
3639,3639,0,0,0,0,"C"
3640,3640,0,1,0,0,"C"
3641,3641,0,0,0,0,"C"
3642,3642,0,1,0,0,"C"
3643,3643,0,0,0,0,"C"
3644,3644,0,1,0,0,"C"
3645,3645,0,0,0,0,"C"
3646,3646,0,1,0,0,"C"
3647,3647,0,0,0,0,"C"
3648,3648,0,1,0,0,"C"
3649,3649,0,0,0,0,"C"
3650,3650,0,1,0,0,"C"
3651,3651,0,0,0,0,"C"
3652,3652,0,1,0,0,"C"
3653,3653,0,0,0,0,"C"
3654,3654,0,1,0,0,"C"
3655,3655,0,0,0,0,"C"
3656,3656,0,1,0,0,"C"
3657,3657,0,0,0,0,"C"
3658,3658,0,1,0,0,"C"
3659,3659,0,0,0,0,"C"
3660,3660,0,1,0,0,"C"
3661,3661,0,0,0,0,"C"
3662,3662,0,1,0,0,"C"
3663,3663,0,0,0,0,"C"
3664,3664,0,1,0,0,"C"
3665,3665,0,0,0,0,"C"
3666,3666,0,1,0,0,"C"
3667,3667,0,0,0,0,"C"
3668,3668,0,1,0,0,"C"
3669,3669,0,0,0,0,"C"
3670,3670,0,1,0,0,"C"
3671,3671,0,0,0,0,"C"
3672,3672,0,1,0,0,"C"
3673,3673,0,0,0,0,"C"
3674,3674,0,1,0,0,"C"
3675,3675,0,0,0,0,"C"
3676,3676,0,1,0,0,"C"
3677,3677,0,0,0,0,"C"
3678,3678,0,1,0,0,"C"
3679,3679,0,0,0,0,"C"
3680,3680,0,1,0,0,"C"
3681,3681,0,0,0,0,"C"
3682,3682,0,1,0,0,"C"
3683,3683,0,0,0,0,"C"
3684,3684,0,1,0,0,"C"
3685,3685,0,0,0,0,"C"
3686,3686,0,1,0,0,"C"
3687,3687,0,0,0,0,"C"
3688,3688,0,1,0,0,"C"
3689,3689,0,0,0,0,"C"
3690,3690,0,1,0,0,"C"
3691,3691,0,0,0,0,"C"
3692,3692,0,1,0,0,"C"
3693,3693,0,0,0,0,"C"
3694,3694,0,1,0,0,"C"
3695,3695,0,0,0,0,"C"
3696,3696,0,1,0,0,"C"
3697,3697,0,0,0,0,"C"
3698,3698,0,1,0,0,"C"
3699,3699,0,0,0,0,"C"
3700,3700,0,1,0,0,"C"
3701,3701,0,0,0,0,"C"
3702,3702,0,1,0,0,"C"
3703,3703,0,0,0,0,"C"
3704,3704,0,1,0,0,"C"
3705,3705,0,0,0,0,"C"
3706,3706,0,1,0,0,"C"
3707,3707,0,0,0,0,"C"
3708,3708,0,1,0,0,"C"
3709,3709,0,0,0,0,"C"
3710,3710,0,1,0,0,"C"
3711,3711,0,0,0,0,"C"
3712,3712,0,1,0,0,"C"
3713,3713,0,0,0,0,"C"
3714,3714,0,1,0,0,"C"
3715,3715,0,0,0,0,"C"
3716,3716,0,1,0,0,"C"
3717,3717,0,0,0,0,"C"
3718,3718,0,1,0,0,"C"
3719,3719,0,0,0,0,"C"
3720,3720,0,1,0,0,"C"
3721,3721,0,0,0,0,"C"
3722,3722,0,1,0,0,"C"
3723,3723,0,0,0,0,"C"
3724,3724,0,1,0,0,"C"
3725,3725,0,0,0,0,"C"
3726,3726,0,1,0,0,"C"
3727,3727,0,0,0,0,"C"
3728,3728,0,1,0,0,"C"
3729,3729,0,0,0,0,"C"
3730,3730,0,1,0,0,"C"
3731,3731,0,0,0,0,"C"
3732,3732,0,1,0,0,"C"
3733,3733,0,0,0,0,"C"
3734,3734,0,1,0,0,"C"
3735,3735,0,0,0,0,"C"
3736,3736,0,1,0,0,"C"
3737,3737,0,0,0,0,"C"
3738,3738,0,1,0,0,"C"
3739,3739,0,0,0,0,"C"
3740,3740,0,1,0,0,"C"
3741,3741,0,0,0,0,"C"
3742,3742,0,1,0,0,"C"
3743,3743,0,0,0,0,"C"
3744,3744,0,1,0,0,"C"
3745,3745,0,0,0,0,"C"
3746,3746,0,1,0,0,"C"
3747,3747,0,0,0,0,"C"
3748,3748,0,1,0,0,"C"
3749,3749,0,0,0,0,"C"
3750,3750,0,1,0,0,"C"
3751,3751,0,0,0,0,"C"
3752,3752,0,1,0,0,"C"
3753,3753,0,0,0,0,"C"
3754,3754,0,1,0,0,"C"
3755,3755,0,0,0,0,"C"
3756,3756,0,1,0,0,"C"
3757,3757,0,0,0,0,"C"
3758,3758,0,1,0,0,"C"
3759,3759,0,0,0,0,"C"
3760,3760,0,1,0,0,"C"
3761,3761,0,0,0,0,"C"
3762,3762,0,1,0,0,"C"
3763,3763,0,0,0,0,"C"
3764,3764,0,1,0,0,"C"
3765,3765,0,0,0,0,"C"
3766,3766,0,1,0,0,"C"
3767,3767,0,0,0,0,"C"
3768,3768,0,1,0,0,"C"
3769,3769,0,0,0,0,"C"
3770,3770,0,1,0,0,"C"
3771,3771,0,0,0,0,"C"
3772,3772,0,1,0,0,"C"
3773,3773,0,0,0,0,"C"
3774,3774,0,1,0,0,"C"
3775,3775,0,0,0,0,"C"
3776,3776,0,1,0,0,"C"
3777,3777,0,0,0,0,"C"
3778,3778,0,1,0,0,"C"
3779,3779,0,0,0,0,"C"
3780,3780,0,1,0,0,"C"
3781,3781,0,0,0,0,"C"
3782,3782,0,1,0,0,"C"
3783,3783,0,0,0,0,"C"
3784,3784,0,1,0,0,"C"
3785,3785,0,0,0,0,"C"
3786,3786,0,1,0,0,"C"
3787,3787,0,0,0,0,"C"
3788,3788,0,1,0,0,"C"
3789,3789,0,0,0,0,"C"
3790,3790,0,1,0,0,"C"
3791,3791,0,0,0,0,"C"
3792,3792,0,1,0,0,"C"
3793,3793,0,0,0,0,"C"
3794,3794,0,1,0,0,"C"
3795,3795,0,0,0,0,"C"
3796,3796,0,1,0,0,"C"
3797,3797,0,0,0,0,"C"
3798,3798,0,1,0,0,"C"
3799,3799,0,0,0,0,"C"
3800,3800,0,1,0,0,"C"
3801,3801,0,0,0,0,"C"
3802,3802,0,1,0,0,"C"
3803,3803,0,0,0,0,"C"
3804,3804,0,1,0,0,"C"
3805,3805,0,0,0,0,"C"
3806,3806,0,1,0,0,"C"
3807,3807,0,0,0,0,"C"
3808,3808,0,1,0,0,"C"
3809,3809,0,0,0,0,"C"
3810,3810,0,1,0,0,"C"
3811,3811,0,0,0,0,"C"
3812,3812,0,1,0,0,"C"
3813,3813,0,0,0,0,"C"
3814,3814,0,1,0,0,"C"
3815,3815,0,0,0,0,"C"
3816,3816,0,1,0,0,"C"
3817,3817,0,0,0,0,"C"
3818,3818,0,1,0,0,"C"
3819,3819,0,0,0,0,"C"
3820,3820,0,1,0,0,"C"
3821,3821,0,0,0,0,"C"
3822,3822,0,1,0,0,"C"
3823,3823,0,0,0,0,"C"
3824,3824,0,1,0,0,"C"
3825,3825,0,0,0,0,"C"
3826,3826,0,1,0,0,"C"
3827,3827,0,0,0,0,"C"
3828,3828,0,1,0,0,"C"
3829,3829,0,0,0,0,"C"
3830,3830,0,1,0,0,"C"
3831,3831,0,0,0,0,"C"
3832,3832,0,1,0,0,"C"
3833,3833,0,0,0,0,"C"
3834,3834,0,1,0,0,"C"
3835,3835,0,0,0,0,"C"
3836,3836,0,1,0,0,"C"
3837,3837,0,0,0,0,"C"
3838,3838,0,1,0,0,"C"
3839,3839,0,0,0,0,"C"
3840,3840,0,1,0,0,"C"
3841,3841,0,0,0,0,"C"
3842,3842,0,1,0,0,"C"
3843,3843,0,0,0,0,"C"
3844,3844,0,1,0,0,"C"
3845,3845,0,0,0,0,"C"
3846,3846,0,1,0,0,"C"
3847,3847,0,0,0,0,"C"
3848,3848,0,1,0,0,"C"
3849,3849,0,0,0,0,"C"
3850,3850,0,1,0,0,"C"
3851,3851,0,0,0,0,"C"
3852,3852,0,1,0,0,"C"
3853,3853,0,0,0,0,"C"
3854,3854,0,1,0,0,"C"
3855,3855,0,0,0,0,"C"
3856,3856,0,1,0,0,"C"
3857,3857,0,0,0,0,"C"
3858,3858,0,1,0,0,"C"
3859,3859,0,0,0,0,"C"
3860,3860,0,1,0,0,"C"
3861,3861,0,0,0,0,"C"
3862,3862,0,1,0,0,"C"
3863,3863,0,0,0,0,"C"
3864,3864,0,1,0,0,"C"
3865,3865,0,0,0,0,"C"
3866,3866,0,1,0,0,"C"
3867,3867,0,0,0,0,"C"
3868,3868,0,1,0,0,"C"
3869,3869,0,0,0,0,"C"
3870,3870,0,1,0,0,"C"
3871,3871,0,0,0,0,"C"
3872,3872,0,1,0,0,"C"
3873,3873,0,0,0,0,"C"
3874,3874,0,1,0,0,"C"
3875,3875,0,0,0,0,"C"
3876,3876,0,1,0,0,"C"
3877,3877,0,0,0,0,"C"
3878,3878,0,1,0,0,"C"
3879,3879,0,0,0,0,"C"
3880,3880,0,1,0,0,"C"
3881,3881,0,0,0,0,"C"
3882,3882,0,1,0,0,"C"
3883,3883,0,0,0,0,"C"
3884,3884,0,1,0,0,"C"
3885,3885,0,0,0,0,"C"
3886,3886,0,1,0,0,"C"
3887,3887,0,0,0,0,"C"
3888,3888,0,1,0,0,"C"
3889,3889,0,0,0,0,"C"
3890,3890,0,1,0,0,"C"
3891,3891,0,0,0,0,"C"
3892,3892,0,1,0,0,"C"
3893,3893,0,0,0,0,"C"
3894,3894,0,1,0,0,"C"
3895,3895,0,0,0,0,"C"
3896,3896,0,1,0,0,"C"
3897,3897,0,0,0,0,"C"
3898,3898,0,1,0,0,"C"
3899,3899,0,0,0,0,"C"
3900,3900,0,1,0,0,"C"
3901,3901,0,0,0,0,"C"
3902,3902,0,1,0,0,"C"
3903,3903,0,0,0,0,"C"
3904,3904,0,1,0,0,"C"
3905,3905,0,0,0,0,"C"
3906,3906,0,1,0,0,"C"
3907,3907,0,0,0,0,"C"
3908,3908,0,1,0,0,"C"
3909,3909,0,0,0,0,"C"
3910,3910,0,1,0,0,"C"
3911,3911,0,0,0,0,"C"
3912,3912,0,1,0,0,"C"
3913,3913,0,0,0,0,"C"
3914,3914,0,1,0,0,"C"
3915,3915,0,0,0,0,"C"
3916,3916,0,1,0,0,"C"
3917,3917,0,0,0,0,"C"
3918,3918,0,1,0,0,"C"
3919,3919,0,0,0,0,"C"
3920,3920,0,1,0,0,"C"
3921,3921,0,0,0,0,"C"
3922,3922,0,1,0,0,"C"
3923,3923,0,0,0,0,"C"
3924,3924,0,1,0,0,"C"
3925,3925,0,0,0,0,"C"
3926,3926,0,1,0,0,"C"
3927,3927,0,0,0,0,"C"
3928,3928,0,1,0,0,"C"
3929,3929,0,0,0,0,"C"
3930,3930,0,1,0,0,"C"
3931,3931,0,0,0,0,"C"
3932,3932,0,1,0,0,"C"
3933,3933,0,0,0,0,"C"
3934,3934,0,1,0,0,"C"
3935,3935,0,0,0,0,"C"
3936,3936,0,1,0,0,"C"
3937,3937,0,0,0,0,"C"
3938,3938,0,1,0,0,"C"
3939,3939,0,0,0,0,"C"
3940,3940,0,1,0,0,"C"
3941,3941,0,0,0,0,"C"
3942,3942,0,1,0,0,"C"
3943,3943,0,0,0,0,"C"
3944,3944,0,1,0,0,"C"
3945,3945,0,0,0,0,"C"
3946,3946,0,1,0,0,"C"
3947,3947,0,0,0,0,"C"
3948,3948,0,1,0,0,"C"
3949,3949,0,0,0,0,"C"
3950,3950,0,1,0,0,"C"
3951,3951,0,0,0,0,"C"
3952,3952,0,1,0,0,"C"
3953,3953,0,0,0,0,"C"
3954,3954,0,1,0,0,"C"
3955,3955,0,0,0,0,"C"
3956,3956,0,1,0,0,"C"
3957,3957,0,0,0,0,"C"
3958,3958,0,1,0,0,"C"
3959,3959,0,0,0,0,"C"
3960,3960,0,1,0,0,"C"
3961,3961,0,0,0,0,"C"
3962,3962,0,1,0,0,"C"
3963,3963,0,0,0,0,"C"
3964,3964,0,1,0,0,"C"
3965,3965,0,0,0,0,"C"
3966,3966,0,1,0,0,"C"
3967,3967,0,0,0,0,"C"
3968,3968,0,1,0,0,"C"
3969,3969,0,0,0,0,"C"
3970,3970,0,1,0,0,"C"
3971,3971,0,0,0,0,"C"
3972,3972,0,1,0,0,"C"
3973,3973,0,0,0,0,"C"
3974,3974,0,1,0,0,"C"
3975,3975,0,0,0,0,"C"
3976,3976,0,1,0,0,"C"
3977,3977,0,0,0,0,"C"
3978,3978,0,1,0,0,"C"
3979,3979,0,0,0,0,"C"
3980,3980,0,1,0,0,"C"
3981,3981,0,0,0,0,"C"
3982,3982,0,1,0,0,"C"
3983,3983,0,0,0,0,"C"
3984,3984,0,1,0,0,"C"
3985,3985,0,0,0,0,"C"
3986,3986,0,1,0,0,"C"
3987,3987,0,0,0,0,"C"
3988,3988,0,1,0,0,"C"
3989,3989,0,0,0,0,"C"
3990,3990,0,1,0,0,"C"
3991,3991,0,0,0,0,"C"
3992,3992,0,1,0,0,"C"
3993,3993,0,0,0,0,"C"
3994,3994,0,1,0,0,"C"
3995,3995,0,0,0,0,"C"
3996,3996,0,1,0,0,"C"
3997,3997,0,0,0,0,"C"
3998,3998,0,1,0,0,"C"
3999,3999,0,0,0,0,"C"
4000,4000,0,1,0,0,"C"
4001,4001,0,0,0,0,"C"
4002,4002,0,1,0,0,"C"
4003,4003,0,0,0,0,"C"
4004,4004,0,1,0,0,"C"
4005,4005,0,0,0,0,"C"
4006,4006,0,1,0,0,"C"
4007,4007,0,0,0,0,"C"
4008,4008,0,1,0,0,"C"
4009,4009,0,0,0,0,"C"
4010,4010,0,1,0,0,"C"
4011,4011,0,0,0,0,"C"
4012,4012,0,1,0,0,"C"
4013,4013,0,0,0,0,"C"
4014,4014,0,1,0,0,"C"
4015,4015,0,0,0,0,"C"
4016,4016,0,1,0,0,"C"
4017,4017,0,0,0,0,"C"
4018,4018,0,1,0,0,"C"
4019,4019,0,0,0,0,"C"
4020,4020,0,1,0,0,"C"
4021,4021,0,0,0,0,"C"
4022,4022,0,1,0,0,"C"
4023,4023,0,0,0,0,"C"
4024,4024,0,1,0,0,"C"
4025,4025,0,0,0,0,"C"
4026,4026,0,1,0,0,"C"
4027,4027,0,0,0,0,"C"
4028,4028,0,1,0,0,"C"
4029,4029,0,0,0,0,"C"
4030,4030,0,1,0,0,"C"
4031,4031,0,0,0,0,"C"
4032,4032,0,1,0,0,"C"
4033,4033,0,0,0,0,"C"
4034,4034,0,1,0,0,"C"
4035,4035,0,0,0,0,"C"
4036,4036,0,1,0,0,"C"
4037,4037,0,0,0,0,"C"
4038,4038,0,1,0,0,"C"
4039,4039,0,0,0,0,"C"
4040,4040,0,1,0,0,"C"
4041,4041,0,0,0,0,"C"
4042,4042,0,1,0,0,"C"
4043,4043,0,0,0,0,"C"
4044,4044,0,1,0,0,"C"
4045,4045,0,0,0,0,"C"
4046,4046,0,1,0,0,"C"
4047,4047,0,0,0,0,"C"
4048,4048,0,1,0,0,"C"
4049,4049,0,0,0,0,"C"
4050,4050,0,1,0,0,"C"
4051,4051,0,0,0,0,"C"
4052,4052,0,1,0,0,"C"
4053,4053,0,0,0,0,"C"
4054,4054,0,1,0,0,"C"
4055,4055,0,0,0,0,"C"
4056,4056,0,1,0,0,"C"
4057,4057,0,0,0,0,"C"
4058,4058,0,1,0,0,"C"
4059,4059,0,0,0,0,"C"
4060,4060,0,1,0,0,"C"
4061,4061,0,0,0,0,"C"
4062,4062,0,1,0,0,"C"
4063,4063,0,0,0,0,"C"
4064,4064,0,1,0,0,"C"
4065,4065,0,0,0,0,"C"
4066,4066,0,1,0,0,"C"
4067,4067,0,0,0,0,"C"
4068,4068,0,1,0,0,"C"
4069,4069,0,0,0,0,"C"
4070,4070,0,1,0,0,"C"
4071,4071,0,0,0,0,"C"
4072,4072,0,1,0,0,"C"
4073,4073,0,0,0,0,"C"
4074,4074,0,1,0,0,"C"
4075,4075,0,0,0,0,"C"
4076,4076,0,1,0,0,"C"
4077,4077,0,0,0,0,"C"
4078,4078,0,1,0,0,"C"
4079,4079,0,0,0,0,"C"
4080,4080,0,1,0,0,"C"
4081,4081,0,0,0,0,"C"
4082,4082,0,1,0,0,"C"
4083,4083,0,0,0,0,"C"
4084,4084,0,1,0,0,"C"
4085,4085,0,0,0,0,"C"
4086,4086,0,1,0,0,"C"
4087,4087,0,0,0,0,"C"
4088,4088,0,1,0,0,"C"
4089,4089,0,0,0,0,"C"
4090,4090,0,1,0,0,"C"
4091,4091,0,0,0,0,"C"
4092,4092,0,1,0,0,"C"
4093,4093,0,0,0,0,"C"
4094,4094,0,1,0,0,"C"
4095,4095,0,0,0,0,"C"
